file_upload,band_label,y1,y2,pixels_in_band,g_top,g_top_count,g_top_pct
c91ea68d-about-gitlab-com.png,['Banner'],0,55,79200,112,73322,0.9257828282828283
c91ea68d-about-gitlab-com.png,['Nav'],56,137,116640,255,69288,0.5940329218106996
c91ea68d-about-gitlab-com.png,['Header'],137,1806,2403360,255,605751,0.25204338925504294
c91ea68d-about-gitlab-com.png,['Main'],1804,6663,6996960,255,3753634,0.5364664082687338
c91ea68d-about-gitlab-com.png,['Supplement'],6662,7449,1133280,19,876028,0.773002258929832
c91ea68d-about-gitlab-com.png,['Footer'],7449,7605,224640,19,150930,0.671875
215c083d-airbyte-com.png,['Banner'],2,32,43200,112,36384,0.8422222222222222
215c083d-airbyte-com.png,['Nav'],32,104,103680,255,66227,0.6387635030864197
215c083d-airbyte-com.png,['Header'],102,1057,1375200,255,878484,0.638804537521815
215c083d-airbyte-com.png,['Supplement'],8220,8684,668160,13,568948,0.8515146072796935
215c083d-airbyte-com.png,['Footer'],8682,8834,218880,13,214720,0.9809941520467836
215c083d-airbyte-com.png,['Main'],1057,8213,10304640,255,3834555,0.3721192588969629
350832fc-aws-amazon-com.png,['Nav'],1,122,174240,255,70445,0.40429866850321394
350832fc-aws-amazon-com.png,['Header'],122,3840,5353920,255,2509553,0.46873188243380554
350832fc-aws-amazon-com.png,['Supplement'],13457,14025,817920,20,558017,0.6822390942879499
350832fc-aws-amazon-com.png,['Footer'],14023,14165,204480,20,196350,0.9602406103286385
350832fc-aws-amazon-com.png,['Main'],122,13455,19199520,255,14905564,0.776350867105011
5ddc004d-cloud-google-com.png,['Header'],0,876,1261440,255,1050295,0.8326158992897007
5ddc004d-cloud-google-com.png,['Nav'],6569,6639,100800,255,84521,0.8385019841269842
5ddc004d-cloud-google-com.png,['Supplement'],6638,7160,751680,112,328710,0.43730044699872284
5ddc004d-cloud-google-com.png,['Footer'],7160,7269,156960,255,99432,0.6334862385321101
5ddc004d-cloud-google-com.png,['Main'],875,6568,8197920,255,3165650,0.3861528290102855
f052f5fa-huggingface-co.png,['Nav'],0,72,103680,255,65900,0.6356095679012346
f052f5fa-huggingface-co.png,['Header'],70,784,1028160,15,362605,0.35267370837223777
f052f5fa-huggingface-co.png,['Main'],782,5575,6901920,255,4797257,0.6950612293390824
f052f5fa-huggingface-co.png,['Supplement'],5573,5867,423360,255,307200,0.7256235827664399
b3af4e69-netlify-com.png,['Banner'],2,37,50400,81,44518,0.8832936507936507
b3af4e69-netlify-com.png,['Nav'],37,110,105120,255,68618,0.6527587519025875
b3af4e69-netlify-com.png,['Header'],110,767,946080,24,782242,0.8268243700321326
b3af4e69-netlify-com.png,['Main'],767,4725,5699520,255,4254819,0.7465223387232609
b3af4e69-netlify-com.png,['Supplement'],4725,5365,921600,255,731940,0.7942057291666667
b3af4e69-netlify-com.png,['Footer'],5365,5568,292320,255,280921,0.9610050629447181
a1b193e1-openai-com.png,['Header'],0,949,1366560,255,1290810,0.9445688443976116
a1b193e1-openai-com.png,['Main'],949,5854,7063200,255,3715903,0.5260934137501416
a1b193e1-openai-com.png,['Supplement'],5854,6657,1156320,255,896880,0.7756330427563304
a1b193e1-openai-com.png,['Footer'],6659,6756,139680,255,124862,0.8939146620847652
d16fd0f0-pytorch-org.png,['Banner'],120,153,47520,47,23136,0.4868686868686869
d16fd0f0-pytorch-org.png,['Nav'],153,234,116640,34,41061,0.35203189300411525
d16fd0f0-pytorch-org.png,['Header'],236,1113,1262880,255,699926,0.5542300139363994
d16fd0f0-pytorch-org.png,['Main'],1113,3719,3752640,244,1329317,0.35423515178647563
d16fd0f0-pytorch-org.png,['Supplement'],3717,4307,849600,16,310946,0.365991054613936
d16fd0f0-pytorch-org.png,['Footer'],4305,4591,411840,0,339560,0.8244949494949495
793e3cdc-supabase-com.png,['Nav'],0,63,90720,17,59902,0.6602954144620812
793e3cdc-supabase-com.png,['Header'],63,742,977760,18,778886,0.7966024382261495
793e3cdc-supabase-com.png,['Main'],743,6197,7853760,18,5113407,0.6510775730350813
793e3cdc-supabase-com.png,['Supplement'],6195,6890,1000800,15,809686,0.8090387689848122
793e3cdc-supabase-com.png,['Footer'],6890,7041,217440,15,216656,0.9963944076526858
eb395cbc-vercel-com.png,['Nav'],0,80,115200,250,90389,0.7846267361111111
eb395cbc-vercel-com.png,['Header'],81,886,1159200,250,596771,0.5148128019323671
eb395cbc-vercel-com.png,['Main'],884,5667,6887520,250,5437199,0.789427689502172
eb395cbc-vercel-com.png,['Supplement'],5667,6193,757440,250,432928,0.5715673848753696
eb395cbc-vercel-com.png,['Footer'],6193,6330,197280,250,191572,0.971066504460665
cbceaa2f-www-cloudflare-com.png,['Header'],2,1027,1476000,16,168062,0.11386314363143632
cbceaa2f-www-cloudflare-com.png,['Main'],1027,6346,7659360,255,5680848,0.741687033903616
cbceaa2f-www-cloudflare-com.png,['Supplement'],6346,6682,483840,0,318998,0.6593047288359788
cbceaa2f-www-cloudflare-com.png,['Footer'],6682,6755,105120,0,86603,0.8238489345509894
ce64ff03-www-digitalocean-com.png,['Nav'],2,36,48960,51,22990,0.4695669934640523
ce64ff03-www-digitalocean-com.png,['Nav'],34,110,109440,255,66684,0.6093201754385965
ce64ff03-www-digitalocean-com.png,['Header'],111,1359,1797120,255,1201645,0.6686503961894587
ce64ff03-www-digitalocean-com.png,['Main'],1357,7253,8490240,255,3717540,0.43786041383989144
ce64ff03-www-digitalocean-com.png,['Supplement'],7253,7934,980640,250,678240,0.6916299559471366
ce64ff03-www-digitalocean-com.png,['Footer'],7934,8136,290880,250,287250,0.9875206270627063
dd85dfe8-www-docker-com.png,['Banner'],0,41,59040,8,52320,0.8861788617886179
dd85dfe8-www-docker-com.png,['Nav'],40,123,119520,112,61406,0.5137717536813923
dd85dfe8-www-docker-com.png,['Header'],125,1161,1491840,255,772431,0.5177706724581724
dd85dfe8-www-docker-com.png,['Main'],1159,6774,8085600,255,2536121,0.3136589739784308
dd85dfe8-www-docker-com.png,['Supplement'],6773,7360,845280,244,592434,0.7008730834752981
dd85dfe8-www-docker-com.png,['Footer'],7360,7504,207360,244,191748,0.9247106481481482
58776508-www-elastic-co.png,['Banner'],0,40,57600,255,45070,0.7824652777777777
58776508-www-elastic-co.png,['Nav'],39,121,118080,255,64748,0.548340108401084
58776508-www-elastic-co.png,['Header'],118,1175,1522080,255,1066553,0.7007207242720488
58776508-www-elastic-co.png,['Main'],1175,6456,7604640,255,3549779,0.46679119590144963
58776508-www-elastic-co.png,['Supplement'],6457,7008,793440,30,611735,0.7709908751764468
58776508-www-elastic-co.png,['Footer'],7010,7388,544320,30,453056,0.8323339212228101
1b13d380-www-jetbrains-com.png,['Nav'],0,71,102240,19,51576,0.5044600938967136
1b13d380-www-jetbrains-com.png,['Header'],71,856,1130400,0,721039,0.6378618188251947
1b13d380-www-jetbrains-com.png,['Main'],856,11370,15140160,0,9262009,0.6117510647179422
1b13d380-www-jetbrains-com.png,['Supplement'],11368,12016,933120,25,516153,0.5531475051440329
1b13d380-www-jetbrains-com.png,['Footer'],12014,12262,357120,25,324112,0.9075716845878136
f84a315a-www-kubernetes-io.png,['Nav'],0,251,361440,38,250100,0.691954404603807
f84a315a-www-kubernetes-io.png,['Header'],252,1386,1632960,255,1060336,0.6493337252596512
f84a315a-www-kubernetes-io.png,['Main'],1385,3943,3683520,249,1038836,0.2820226305273217
f84a315a-www-kubernetes-io.png,['Banner'],3944,4190,354240,63,281061,0.7934197154471545
1f806e9d-www-mongodb-com.png,['Banner'],0,50,72000,112,57577,0.7996805555555555
1f806e9d-www-mongodb-com.png,['Nav'],48,155,154080,30,53878,0.3496754932502596
1f806e9d-www-mongodb-com.png,['Header'],155,1447,1860480,22,743852,0.3998172514619883
1f806e9d-www-mongodb-com.png,['Main'],1451,5141,5313600,255,2525177,0.4752290349292382
1f806e9d-www-mongodb-com.png,['Supplement'],5143,5781,918720,22,525051,0.5715027429467084
1f806e9d-www-mongodb-com.png,['Footer'],5784,5880,138240,22,134940,0.9761284722222222
ff5a9657-www-tensorflow-org.png,['Nav'],0,52,74880,112,29991,0.4005208333333333
ff5a9657-www-tensorflow-org.png,['Header'],50,2066,2903040,255,1764630,0.6078559027777778
ff5a9657-www-tensorflow-org.png,['Main'],2064,6157,5893920,255,2669273,0.4528858552542281
ff5a9657-www-tensorflow-org.png,['Supplement'],6155,6383,328320,16,239784,0.7303362573099416
ff5a9657-www-tensorflow-org.png,['Footer'],6383,6504,174240,255,157982,0.9066919191919192
280db735-airflow-apache-org.png,['Banner'],0,41,59040,112,55756,0.9443766937669377
280db735-airflow-apache-org.png,['Nav'],40,160,172800,255,149553,0.86546875
280db735-airflow-apache-org.png,['Header'],159,1063,1301760,255,1193740,0.917020034414946
280db735-airflow-apache-org.png,['Main'],1060,4357,4747680,255,3587506,0.7556334883564183
280db735-airflow-apache-org.png,['Supplement'],4357,4496,200160,80,179445,0.896507793764988
280db735-airflow-apache-org.png,['Footer'],4494,4645,217440,99,199627,0.9180785504047093
6cb941c0-circleci-com.png,['Nav'],1,73,104544,255,47770,0.4569367921640649
6cb941c0-circleci-com.png,['Banner'],71,117,66792,212,47996,0.7185890525811475
6cb941c0-circleci-com.png,['Header'],118,1007,1290828,237,502625,0.3893818541277382
6cb941c0-circleci-com.png,['Main'],1006,6965,8652468,237,3628357,0.41934359075352834
6cb941c0-circleci-com.png,['Supplement'],6965,7454,710028,39,603652,0.8501805562597531
6cb941c0-circleci-com.png,['Footer'],7453,8081,911856,39,894000,0.9804179607306417
64a5f0ea-duckdb-org.png,['Nav'],0,69,99360,250,86740,0.8729871175523349
64a5f0ea-duckdb-org.png,['Header'],1105,1588,695520,250,524453,0.7540444559466298
64a5f0ea-duckdb-org.png,['Main'],1588,3325,2501280,250,1621544,0.6482856777330007
64a5f0ea-duckdb-org.png,['Supplement'],3323,3663,489600,250,442134,0.9030514705882353
64a5f0ea-duckdb-org.png,['Footer'],3663,3730,96480,250,91920,0.9527363184079602
52928ebd-grafana-com.png,['Nav'],0,44,63360,0,34837,0.5498263888888889
52928ebd-grafana-com.png,['Header'],45,863,1177920,11,403290,0.3423746943765281
52928ebd-grafana-com.png,['Main'],863,5692,6953760,244,1396187,0.2007815915418421
52928ebd-grafana-com.png,['Supplement'],5695,6553,1235520,0,864838,0.6999789562289562
52928ebd-grafana-com.png,['Footer'],6553,6690,197280,0,183351,0.9293947688564477
006b0d73-insomnia-rest.png,['Nav'],0,64,92160,255,59878,0.6497178819444445
006b0d73-insomnia-rest.png,['Header'],64,760,1002240,255,683200,0.6816730523627076
006b0d73-insomnia-rest.png,['Main'],760,4334,5146560,255,1691580,0.32868168252191754
006b0d73-insomnia-rest.png,['Supplement'],4334,4740,584640,1,485137,0.8298046661193212
006b0d73-insomnia-rest.png,['Footer'],4740,4833,133920,1,130800,0.9767025089605734
92e21fbb-k6-io.png,['Nav'],0,97,139680,255,115796,0.8290091638029783
92e21fbb-k6-io.png,['Header'],95,1028,1343520,255,1138589,0.8474671013457187
92e21fbb-k6-io.png,['Main'],1028,6693,8157600,255,6828651,0.8370906884377758
92e21fbb-k6-io.png,['Supplement'],6693,6918,324000,248,238821,0.7371018518518518
92e21fbb-k6-io.png,['Footer'],6918,7084,239040,248,140250,0.5867218875502008
1c7b9e5c-prometheus-io.png,['Nav'],0,77,110880,255,78726,0.7100108225108225
1c7b9e5c-prometheus-io.png,['Header'],77,650,825120,255,603044,0.7308561178980028
1c7b9e5c-prometheus-io.png,['Main'],648,2474,2629440,255,1616797,0.6148826366070342
1c7b9e5c-prometheus-io.png,['Footer'],2474,2608,192960,249,127996,0.6633291873963516
4c25279e-snyk-io.png,['Nav'],0,85,122400,255,80782,0.659983660130719
4c25279e-snyk-io.png,['Header'],85,1464,1985760,3,436138,0.21963278543227782
4c25279e-snyk-io.png,['Main'],1464,13223,16932960,3,10932998,0.6456637232946868
4c25279e-snyk-io.png,['Supplement'],13223,13701,688320,3,429827,0.6244581008833101
4c25279e-snyk-io.png,['Footer'],13701,13789,126720,3,46160,0.36426767676767674
9eaea61f-superset-apache-org.png,['Banner'],0,26,37440,255,32812,0.8763888888888889
9eaea61f-superset-apache-org.png,['Nav'],26,86,86400,255,49928,0.5778703703703704
9eaea61f-superset-apache-org.png,['Header'],86,1024,1350720,255,1176227,0.8708148246860934
9eaea61f-superset-apache-org.png,['Main'],1024,4112,4446720,255,2933413,0.6596801687535981
9eaea61f-superset-apache-org.png,['Supplement'],4114,4186,103680,62,100383,0.9682002314814815
9eaea61f-superset-apache-org.png,['Footer'],4186,4472,411840,48,270006,0.6556089743589744
13f81c60-www-ansible-com.png,['Nav'],0,84,120960,112,68138,0.5633101851851852
13f81c60-www-ansible-com.png,['Header'],83,456,537120,142,307975,0.5733821120047662
13f81c60-www-ansible-com.png,['Main'],458,3894,4947840,255,1930027,0.3900746588410296
13f81c60-www-ansible-com.png,['Footer'],3897,4019,175680,56,136885,0.7791723588342441
5bdaf5ce-www-hashicorp-com.png,['Nav'],0,64,92160,255,46054,0.49971788194444444
5bdaf5ce-www-hashicorp-com.png,['Header'],64,855,1139040,14,303645,0.2665797513695744
5bdaf5ce-www-hashicorp-com.png,['Main'],855,7120,9021600,14,5843100,0.6476789039638202
5bdaf5ce-www-hashicorp-com.png,['Supplement'],7120,7698,832320,14,693437,0.8331374951941561
5bdaf5ce-www-hashicorp-com.png,['Footer'],7696,7801,151200,14,138216,0.9141269841269841
19d8ec73-www-jenkins-io.png,['Nav'],0,59,84960,37,72830,0.8572269303201506
19d8ec73-www-jenkins-io.png,['Header'],56,465,588960,249,392838,0.6670028524857375
19d8ec73-www-jenkins-io.png,['Main'],467,4321,5549760,255,2313787,0.4169165873839589
19d8ec73-www-jenkins-io.png,['Supplement'],4321,4687,527040,119,509139,0.9660348360655737
19d8ec73-www-jenkins-io.png,['Footer'],4684,4795,159840,119,150693,0.942774024024024
b0e5cc0e-www-postman-com.png,['Nav'],0,53,76320,255,51253,0.6715539832285116
b0e5cc0e-www-postman-com.png,['Banner'],54,109,79200,255,49584,0.6260606060606061
b0e5cc0e-www-postman-com.png,['Header'],109,671,809280,255,611095,0.755109480031633
b0e5cc0e-www-postman-com.png,['Main'],669,5212,6541920,255,4089577,0.6251340585027025
b0e5cc0e-www-postman-com.png,['Supplement'],5211,5741,763200,255,495920,0.64979035639413
b0e5cc0e-www-postman-com.png,['Footer'],5741,5866,180000,255,149268,0.8292666666666667
44e8dc1b-zapier-com.png,['Banner'],0,51,73440,49,44870,0.6109749455337691
44e8dc1b-zapier-com.png,['Nav'],51,112,87840,250,43786,0.4984744990892532
44e8dc1b-zapier-com.png,['Header'],110,933,1185120,254,749511,0.6324346901579587
44e8dc1b-zapier-com.png,['Main'],930,17333,23620320,244,6166882,0.2610837617779945
44e8dc1b-zapier-com.png,['Supplement'],17333,17668,482400,250,348113,0.72162728026534
44e8dc1b-zapier-com.png,['Footer'],17668,17748,115200,250,107632,0.9343055555555555
3bfcbcab-cmake-org.png,['Banner'],0,48,69120,55,63762,0.9224826388888889
3bfcbcab-cmake-org.png,['Nav'],46,114,97920,112,54091,0.5523999183006536
3bfcbcab-cmake-org.png,['Header'],113,733,892800,218,377110,0.4223902329749104
3bfcbcab-cmake-org.png,['Main'],733,3824,4451040,255,1801465,0.4047290071533844
a08a3380-developer-mozilla-org.png,['Banner'],0,58,83520,19,72686,0.8702825670498084
a08a3380-developer-mozilla-org.png,['Nav'],58,186,184320,36,88151,0.4782497829861111
a08a3380-developer-mozilla-org.png,['Header'],186,505,459360,36,366068,0.7969087425983977
a08a3380-developer-mozilla-org.png,['Main'],505,2658,3100320,255,1383804,0.446342313051556
a08a3380-developer-mozilla-org.png,['Supplement'],2656,2956,432000,247,288336,0.6674444444444444
a08a3380-developer-mozilla-org.png,['Footer'],2956,3098,204480,247,130288,0.6371674491392801
d6988b0f-docs-docker-com.png,['Nav'],0,63,90720,77,65071,0.7172729276895944
d6988b0f-docs-docker-com.png,['Header'],64,959,1288800,250,457792,0.3552079453755431
d6988b0f-docs-docker-com.png,['Main'],958,2254,1866240,250,1494055,0.800569594478738
d6988b0f-docs-docker-com.png,['Supplement'],2254,2586,478080,234,245716,0.5139641900937082
d6988b0f-docs-docker-com.png,['Footer'],2586,2691,151200,234,134182,0.88744708994709
a5982292-flatpak-org.png,['Header'],0,762,1097280,255,704170,0.6417413969087198
a5982292-flatpak-org.png,['Main'],761,3619,4115520,255,1893865,0.46017635681517766
a5982292-flatpak-org.png,['Supplement'],3620,4067,643680,0,503339,0.7819708550832712
d7ce7143-jupyter-org.png,['Nav'],0,70,100800,255,76139,0.7553472222222222
d7ce7143-jupyter-org.png,['Header'],71,439,529920,127,456264,0.8610054347826087
d7ce7143-jupyter-org.png,['Main'],439,5995,8000640,255,3405921,0.42570606851451886
d7ce7143-jupyter-org.png,['Supplement'],5996,6373,542880,156,467880,0.8618479221927497
d7ce7143-jupyter-org.png,['Footer'],6372,6545,249120,118,218572,0.8773763648041105
0d1bb443-nodered-org.png,['Banner'],0,49,70560,51,52204,0.7398526077097506
0d1bb443-nodered-org.png,['Nav'],50,118,97920,51,39806,0.406515522875817
0d1bb443-nodered-org.png,['Header'],118,668,792000,0,592591,0.7482209595959596
0d1bb443-nodered-org.png,['Main'],664,5175,6495840,255,4288241,0.6601518818197493
0d1bb443-nodered-org.png,['Supplement'],5177,5345,241920,68,125330,0.5180638227513228
0d1bb443-nodered-org.png,['Footer'],5343,5534,275040,68,187991,0.6835042175683537
0d9f85ba-numpy-org.png,['Nav'],0,228,328320,255,246766,0.7516020955165692
0d9f85ba-numpy-org.png,['Banner'],227,290,90720,50,74286,0.8188492063492063
0d9f85ba-numpy-org.png,['Header'],290,742,650880,255,588057,0.9034799041297935
0d9f85ba-numpy-org.png,['Main'],739,3366,3782880,255,2130100,0.5630894979486529
0d9f85ba-numpy-org.png,['Supplement'],3366,3704,486720,50,445900,0.9161324786324786
f30a75ae-opencv-org.png,['Nav'],0,125,180000,255,125210,0.6956111111111111
f30a75ae-opencv-org.png,['Header'],128,657,761760,0,749732,0.9842102499474901
f30a75ae-opencv-org.png,['Main'],658,3467,4044960,255,967391,0.23915959613939322
f30a75ae-opencv-org.png,['Supplement'],3469,3661,276480,0,180090,0.6513671875
64e3ccf8-www-arduino-cc.png,['Nav'],0,65,93600,89,37063,0.3959722222222222
64e3ccf8-www-arduino-cc.png,['Header'],65,561,714240,12,106907,0.14967937948028673
64e3ccf8-www-arduino-cc.png,['Main'],561,6023,7865280,255,3729211,0.4741358222466333
64e3ccf8-www-arduino-cc.png,['Supplement'],6023,6583,806400,241,733299,0.9093489583333333
64e3ccf8-www-arduino-cc.png,['Footer'],6581,6632,73440,241,61500,0.8374183006535948
a1a492ad-www-arm-com.png,['Nav'],0,78,112320,255,93037,0.828320868945869
a1a492ad-www-arm-com.png,['Header'],78,978,1296000,16,282904,0.21829012345679014
a1a492ad-www-arm-com.png,['Main'],978,7006,8680320,255,4009726,0.4619329702130797
a1a492ad-www-arm-com.png,['Supplement'],7011,7377,527040,2,300617,0.5703874468731026
a1a492ad-www-arm-com.png,['Footer'],7374,7542,241920,2,216925,0.8966807208994709
41368121-www-freedesktop-org.png,['Header'],0,162,233280,222,213347,0.9145533264746227
41368121-www-freedesktop-org.png,['Main'],163,1601,2070720,16,1112687,0.5373430497604698
41368121-www-freedesktop-org.png,['Footer'],1601,1649,69120,255,69120,1.0
fc285be9-www-postgresql-org.png,['Nav'],1,55,77760,255,33406,0.4296039094650206
fc285be9-www-postgresql-org.png,['Banner'],56,86,43200,103,13603,0.3148842592592593
fc285be9-www-postgresql-org.png,['Header'],83,432,502560,16,91495,0.18205786373766317
fc285be9-www-postgresql-org.png,['Main'],431,3939,5051520,255,2817713,0.5577950795008235
fc285be9-www-postgresql-org.png,['Supplement'],3940,4287,499680,103,183502,0.3672390329811079
fc285be9-www-postgresql-org.png,['Footer'],4290,4442,218880,255,185910,0.8493695175438597
a8d7f7d1-www-qt-io.png,['Nav'],1,176,254450,255,218585,0.8590489290626843
a8d7f7d1-www-qt-io.png,['Banner'],179,263,122136,255,77208,0.6321477696993515
a8d7f7d1-www-qt-io.png,['Header'],263,1490,1784058,255,1162141,0.6514031494491771
a8d7f7d1-www-qt-io.png,['Main'],1488,8174,9721444,255,7768795,0.7991400248769627
a8d7f7d1-www-qt-io.png,['Supplement'],8176,8627,655754,255,655754,1.0
a8d7f7d1-www-qt-io.png,['Footer'],8625,8809,267536,255,267536,1.0
617a8766-www-raspberrypi-com.png,['Nav'],0,127,182880,255,100288,0.5483814523184601
617a8766-www-raspberrypi-com.png,['Header'],127,522,568800,229,358917,0.6310073839662447
617a8766-www-raspberrypi-com.png,['Main'],524,2974,3528000,255,1273192,0.36088208616780043
617a8766-www-raspberrypi-com.png,['Supplement'],2974,3758,1128960,246,754960,0.6687216553287982
7623e82c-www-selenium-dev.png,['Nav'],1,64,93744,255,53978,0.5758021846731524
7623e82c-www-selenium-dev.png,['Header'],66,449,569904,16,239266,0.4198356214379966
7623e82c-www-selenium-dev.png,['Main'],448,2809,3513168,249,1304815,0.3714069466646628
7623e82c-www-selenium-dev.png,['Footer'],2809,2992,272304,63,235075,0.8632814795228861
76de5490-www-virtualbox-org.png,['Nav'],1,113,161280,238,77760,0.48214285714285715
76de5490-www-virtualbox-org.png,['Header'],110,543,623520,238,506580,0.8124518860662048
76de5490-www-virtualbox-org.png,['Main'],543,1392,1222560,238,569564,0.4658781573092527
76de5490-www-virtualbox-org.png,['Footer'],1394,1482,126720,79,76118,0.6006786616161616
4d770282-www-w3-org.png,['Banner'],1,40,56160,224,51639,0.9194978632478632
4d770282-www-w3-org.png,['Nav'],41,304,378720,255,258702,0.683095690747782
4d770282-www-w3-org.png,['Main'],302,3494,4596480,255,2134536,0.46438492063492065
4d770282-www-w3-org.png,['Footer'],3493,3632,200160,255,129558,0.6472721822541967
02c94219-gnome-org.png,['Nav'],0,108,155520,238,141285,0.9084683641975309
02c94219-gnome-org.png,['Header'],108,838,1051200,238,674265,0.6414240867579909
02c94219-gnome-org.png,['Main'],838,6292,7853760,238,3653647,0.4652099121949232
02c94219-gnome-org.png,['Supplement'],6289,6490,289440,22,163347,0.5643553067993367
02c94219-gnome-org.png,['Footer'],6489,6629,201600,22,172800,0.8571428571428571
112b16d2-inkscape-org.png,['Nav'],1,120,171360,255,107556,0.6276610644257703
112b16d2-inkscape-org.png,['Header'],119,614,712800,0,433126,0.6076402918069584
112b16d2-inkscape-org.png,['Main'],613,1714,1585440,255,782055,0.49327316076294275
112b16d2-inkscape-org.png,['Footer'],1711,1787,109440,255,54370,0.49680190058479534
f25cbf9e-kde-org.png,['Nav'],1,122,174240,112,149385,0.8573519283746557
f25cbf9e-kde-org.png,['Header'],123,1107,1416960,252,757617,0.5346777608401084
f25cbf9e-kde-org.png,['Main'],1107,8583,10765440,16,1681391,0.1561841411033827
f25cbf9e-kde-org.png,['Supplement'],8582,9020,630720,240,223092,0.35371004566210046
f25cbf9e-kde-org.png,['Banner'],9018,9227,300960,240,179531,0.5965277777777778
c1fd7967-ubuntu-com.png,['Nav'],1,111,158400,38,91190,0.5756944444444444
c1fd7967-ubuntu-com.png,['Header'],111,690,833760,38,667486,0.8005733064670888
c1fd7967-ubuntu-com.png,['Main'],690,11677,15821280,38,6647575,0.4201666995337925
c1fd7967-ubuntu-com.png,['Supplement'],11679,12721,1500480,45,1187740,0.7915733631904457
c1fd7967-ubuntu-com.png,['Banner'],12717,13019,434880,45,374136,0.8603200883002208
4399715c-www-apachefriends-org.png,['Nav'],0,59,84960,93,35754,0.42083333333333334
4399715c-www-apachefriends-org.png,['Header'],56,174,169920,238,89471,0.5265477871939737
4399715c-www-apachefriends-org.png,['Main'],173,1101,1336320,255,415222,0.31072048611111114
4399715c-www-apachefriends-org.png,['Footer'],1103,1241,198720,51,182478,0.9182669082125604
0e9629d6-www-apache-org.png,['Banner'],0,45,64800,41,34020,0.525
0e9629d6-www-apache-org.png,['Nav'],47,233,267840,255,232528,0.8681600955794504
0e9629d6-www-apache-org.png,['Header'],233,800,816480,246,450158,0.5513398980991574
0e9629d6-www-apache-org.png,['Main'],801,6940,8840160,246,4609100,0.5213819659372682
0e9629d6-www-apache-org.png,['Supplement'],6940,7719,1121760,38,760744,0.6781700185422906
0e9629d6-www-apache-org.png,['Footer'],7718,7965,355680,38,257640,0.7243589743589743
038b85bd-www-blender-org.png,['Banner'],0,4,5760,255,3198,0.5552083333333333
038b85bd-www-blender-org.png,['Nav'],4,46,60480,112,32369,0.5352017195767196
038b85bd-www-blender-org.png,['Header'],46,137,131040,242,115452,0.881043956043956
038b85bd-www-blender-org.png,['Main'],136,782,930240,242,880081,0.9460795063639491
038b85bd-www-blender-org.png,['Supplement'],782,816,48960,45,42942,0.8770833333333333
038b85bd-www-blender-org.png,['Banner'],816,823,10080,45,8843,0.877281746031746
95687dcc-www-debian-org.png,['Nav'],0,73,105120,255,57989,0.5516457382039573
95687dcc-www-debian-org.png,['Header'],77,192,165600,16,165600,1.0
95687dcc-www-debian-org.png,['Main'],192,1814,2335680,255,1508968,0.6460508288806686
95687dcc-www-debian-org.png,['Footer'],1814,2007,277920,246,165005,0.5937140184225677
d6c42b61-www-freebsd-org.png,['Nav'],0,103,148320,255,83129,0.5604706040992449
d6c42b61-www-freebsd-org.png,['Header'],104,433,473760,255,313910,0.6625928740290442
d6c42b61-www-freebsd-org.png,['Main'],433,950,744480,238,389695,0.523445895121427
d6c42b61-www-freebsd-org.png,['Footer'],948,1011,90720,255,85093,0.9379739858906525
a660e16f-www-gimp-org.png,['Nav'],0,40,57600,36,42759,0.74234375
a660e16f-www-gimp-org.png,['Header'],42,392,504000,112,71675,0.14221230158730158
a660e16f-www-gimp-org.png,['Main'],391,3085,3879360,255,1981979,0.5109036026561082
a660e16f-www-gimp-org.png,['Supplement'],3086,3424,486720,36,373266,0.7669008875739645
a660e16f-www-gimp-org.png,['Footer'],3423,3570,211680,36,161786,0.7642951625094482
d39fe230-www-latex-project-org.png,['Nav'],0,70,100800,22,80415,0.7977678571428571
d39fe230-www-latex-project-org.png,['Header'],70,264,279360,22,221371,0.7924219644902635
d39fe230-www-latex-project-org.png,['Main'],264,592,472320,22,305440,0.646680216802168
d39fe230-www-latex-project-org.png,['Supplement'],592,663,102240,22,62480,0.6111111111111112
0e03ff81-www-libreoffice-org.png,['Nav'],0,124,178560,112,80803,0.45252576164874553
0e03ff81-www-libreoffice-org.png,['Header'],125,796,966240,54,685844,0.7098070872661036
0e03ff81-www-libreoffice-org.png,['Main'],796,2131,1922400,255,1120774,0.583007698709946
0e03ff81-www-libreoffice-org.png,['Supplement'],2129,2253,178560,255,103529,0.5797995071684587
0e03ff81-www-libreoffice-org.png,['Footer'],2252,2351,142560,41,81438,0.5712542087542087
a0d939fe-www-linuxfoundation-org.png,['Banner'],0,51,73440,29,54958,0.7483387799564271
a0d939fe-www-linuxfoundation-org.png,['Nav'],49,153,149760,34,132875,0.887252938034188
a0d939fe-www-linuxfoundation-org.png,['Header'],152,1146,1431360,255,655416,0.457897384305835
a0d939fe-www-linuxfoundation-org.png,['Main'],1147,5702,6559200,255,2099792,0.32012928405903157
a0d939fe-www-linuxfoundation-org.png,['Supplement'],5703,6075,535680,29,419452,0.7830271804062127
a0d939fe-www-linuxfoundation-org.png,['Footer'],6074,6683,876960,0,523741,0.5972233625250867
3c5dbfb7-www-mozilla-org.png,['Nav'],0,55,79200,255,56872,0.7180808080808081
3c5dbfb7-www-mozilla-org.png,['Header'],55,809,1085760,22,712782,0.6564820954907162
3c5dbfb7-www-mozilla-org.png,['Main'],808,6823,8661600,16,1769569,0.2043004756626951
3c5dbfb7-www-mozilla-org.png,['Supplement'],6822,7391,819360,22,610959,0.7456539250146456
3c5dbfb7-www-mozilla-org.png,['Footer'],7390,7834,639360,22,382517,0.5982810935935936
d5bdfdfa-www-nginx-com.png,['Nav'],1,139,198720,255,114468,0.5760265700483091
d5bdfdfa-www-nginx-com.png,['Header'],141,639,717120,0,527540,0.7356369924141009
d5bdfdfa-www-nginx-com.png,['Main'],636,2740,3029760,255,1884854,0.6221133027038446
d5bdfdfa-www-nginx-com.png,['Supplement'],2741,3463,1039680,34,742350,0.7140177746999077
d5bdfdfa-www-nginx-com.png,['Footer'],3464,3647,263520,34,248749,0.943947328476017
212156eb-www-openstack-org.png,['Nav'],0,128,193408,255,92883,0.48024383686300465
212156eb-www-openstack-org.png,['Header'],127,805,1024458,255,581257,0.5673800194834732
212156eb-www-openstack-org.png,['Main'],802,4409,5450177,255,2708118,0.4968862479145173
212156eb-www-openstack-org.png,['Supplement'],4412,4650,359618,25,253046,0.7036522087325996
212156eb-www-openstack-org.png,['Footer'],4650,4953,457833,51,317777,0.6940893295153473
92fbf082-www-opensuse-org.png,['Banner'],0,32,46080,225,38088,0.8265625
92fbf082-www-opensuse-org.png,['Nav'],31,99,97920,255,89492,0.9139297385620915
92fbf082-www-opensuse-org.png,['Header'],99,639,777600,255,562130,0.7229038065843622
92fbf082-www-opensuse-org.png,['Main'],637,2047,2030400,255,963497,0.4745355594956659
92fbf082-www-opensuse-org.png,['Supplement'],2045,2358,450720,253,264256,0.5862974795882144
92fbf082-www-opensuse-org.png,['Footer'],2356,2429,105120,253,100508,0.9561263318112633
a2f1f22a-www-redhat-com.png,['Nav'],0,81,116640,255,104601,0.8967849794238684
a2f1f22a-www-redhat-com.png,['Header'],83,647,812160,255,617058,0.7597739361702127
a2f1f22a-www-redhat-com.png,['Main'],648,5044,6330240,255,2865968,0.4527423920736023
a2f1f22a-www-redhat-com.png,['Supplement'],5045,5666,894240,31,700630,0.7834921273930936
a2f1f22a-www-redhat-com.png,['Footer'],5666,5812,210240,21,192789,0.9169948630136986
985a7780-www-ruby-lang-org.png,['Nav'],0,97,139680,22,111411,0.7976159793814434
985a7780-www-ruby-lang-org.png,['Header'],96,268,247680,22,196590,0.7937257751937985
985a7780-www-ruby-lang-org.png,['Main'],268,797,761760,22,490720,0.6441923965553455
985a7780-www-ruby-lang-org.png,['Supplement'],797,849,74880,22,73308,0.9790064102564102
985a7780-www-ruby-lang-org.png,['Footer'],848,899,73440,22,56934,0.7752450980392157
b3d916f3-www-virtualmin-com.png,['Header'],1,896,1288800,245,1259620,0.97735878336437
b3d916f3-www-virtualmin-com.png,['Nav'],896,971,108000,245,59316,0.5492222222222222
b3d916f3-www-virtualmin-com.png,['Main'],971,3831,4118400,245,2108910,0.5120702214452214
b3d916f3-www-virtualmin-com.png,['Footer'],3831,3887,80640,245,76305,0.9462425595238095
164e2028-angular-io.png,['Nav'],1,963,1385280,255,1084990,0.7832279394779394
164e2028-angular-io.png,['Header'],1,961,1382400,255,1082110,0.7827763310185185
164e2028-angular-io.png,['Main'],964,2412,2085120,255,1109576,0.5321401166359729
164e2028-angular-io.png,['Supplement'],2410,2796,555840,255,450927,0.8112532383419689
164e2028-angular-io.png,['Footer'],2796,2895,142560,255,119905,0.841084455667789
8aee1fa1-bun-sh.png,['Banner'],0,42,60480,21,44520,0.7361111111111112
8aee1fa1-bun-sh.png,['Nav'],42,122,115200,21,97543,0.8467274305555555
8aee1fa1-bun-sh.png,['Header'],122,969,1219680,21,736479,0.6038296930342385
8aee1fa1-bun-sh.png,['Main'],968,15764,21306240,14,11582509,0.5436205074194227
8aee1fa1-bun-sh.png,['Supplement'],15762,16086,466560,14,398320,0.8537379972565158
8aee1fa1-bun-sh.png,['Footer'],16085,16212,182880,14,118368,0.647244094488189
5906d8f3-deno-com.png,['Banner'],1,71,100800,255,84561,0.8388988095238096
5906d8f3-deno-com.png,['Nav'],70,164,135360,255,98482,0.727556146572104
5906d8f3-deno-com.png,['Header'],163,1209,1506240,255,1071577,0.7114251380922031
5906d8f3-deno-com.png,['Main'],1210,15073,19962720,255,15411544,0.7720162382681318
5906d8f3-deno-com.png,['Supplement'],15072,15348,397440,20,325496,0.8189814814814815
5906d8f3-deno-com.png,['Footer'],15347,15449,146880,20,132193,0.9000068082788671
d0fc093a-fastapi-tiangolo-com.png,['Banner'],0,77,110880,33,60381,0.5445616883116883
d0fc093a-fastapi-tiangolo-com.png,['Nav'],76,174,141120,148,89704,0.6356575963718821
d0fc093a-fastapi-tiangolo-com.png,['Main'],175,597,607680,255,497808,0.8191943127962086
d0fc093a-fastapi-tiangolo-com.png,['Main'],595,17546,24409440,255,16163283,0.6621734460110514
d0fc093a-fastapi-tiangolo-com.png,['Supplement'],17546,17639,133920,33,124176,0.9272401433691756
d0fc093a-fastapi-tiangolo-com.png,['Footer'],17638,17735,139680,22,130510,0.9343499427262314
77912f56-getbootstrap-com.png,['Nav'],0,64,92160,44,38729,0.42023654513888886
77912f56-getbootstrap-com.png,['Header'],64,905,1211040,16,218701,0.18058941075439292
77912f56-getbootstrap-com.png,['Main'],904,7077,8889120,255,5154655,0.5798836105261264
77912f56-getbootstrap-com.png,['Supplement'],7077,7462,554400,249,401336,0.723910533910534
835de583-godotengine-org.png,['Header'],1,612,879840,62,621620,0.706514820876523
835de583-godotengine-org.png,['Main'],614,5289,6732000,241,3038530,0.4513562091503268
835de583-godotengine-org.png,['Supplement'],5289,5655,527040,255,331020,0.6280737704918032
835de583-godotengine-org.png,['Footer'],5655,5831,253440,255,221348,0.8733743686868687
47c88dc0-nextjs-org.png,['Nav'],1,80,113760,255,92885,0.8164996483825597
47c88dc0-nextjs-org.png,['Header'],80,720,921600,255,813823,0.8830544704861111
47c88dc0-nextjs-org.png,['Main'],720,4696,5725440,255,3278650,0.5726459451151352
47c88dc0-nextjs-org.png,['Supplement'],4695,5120,612000,255,549600,0.8980392156862745
47c88dc0-nextjs-org.png,['Footer'],5120,5231,159840,255,154006,0.963501001001001
a2a7c3a8-nodejs-org.png,['Nav'],0,60,86400,255,55080,0.6375
a2a7c3a8-nodejs-org.png,['Main'],58,815,1090080,255,444259,0.4075471525025686
a2a7c3a8-nodejs-org.png,['Footer'],815,900,122400,255,76340,0.6236928104575163
549f2cbb-nuxt-com.png,['Banner'],0,49,70560,220,65568,0.9292517006802721
549f2cbb-nuxt-com.png,['Nav'],47,110,90720,5,57788,0.6369929453262787
549f2cbb-nuxt-com.png,['Header'],110,1084,1402560,6,967601,0.6898820727812001
549f2cbb-nuxt-com.png,['Main'],1084,8497,10674720,6,7222660,0.6766135317835035
549f2cbb-nuxt-com.png,['Supplement'],8497,8729,334080,6,233428,0.6987188697318008
549f2cbb-nuxt-com.png,['Footer'],8727,8792,93600,6,81800,0.8739316239316239
eed5c7f2-react-dev.png,['Nav'],0,70,100800,255,48772,0.48384920634920636
eed5c7f2-react-dev.png,['Header'],70,611,779040,255,718416,0.922181146025878
eed5c7f2-react-dev.png,['Main'],610,8617,11530080,255,8739636,0.7579857208276092
eed5c7f2-react-dev.png,['Supplement'],8617,8966,502560,255,418126,0.831992199936326
d7fa122f-svelte-dev.png,['Header'],1,1117,1607040,255,228875,0.14242022600557547
d7fa122f-svelte-dev.png,['Main'],1116,2998,2710080,255,1716467,0.633363959735506
d7fa122f-svelte-dev.png,['Footer'],2997,3178,260640,255,230832,0.8856353591160221
8b7e0f5d-tailwindcss-com.png,['Nav'],0,60,86400,255,73402,0.8495601851851852
8b7e0f5d-tailwindcss-com.png,['Header'],63,1187,1618560,255,873069,0.5394109578884935
8b7e0f5d-tailwindcss-com.png,['Main'],1185,10447,13337280,255,6157276,0.4616590489215192
8b7e0f5d-tailwindcss-com.png,['Supplement'],10444,10778,480960,255,315664,0.6563206919494344
8b7e0f5d-tailwindcss-com.png,['Footer'],10778,10924,210240,255,205047,0.9752996575342465
775e4ab6-unrealengine-com.png,['Nav'],1,81,115200,15,64355,0.5586371527777778
775e4ab6-unrealengine-com.png,['Header'],79,822,1069920,16,127142,0.1188331837894422
775e4ab6-unrealengine-com.png,['Main'],821,6475,8141760,16,3052723,0.37494632610148176
775e4ab6-unrealengine-com.png,['Supplement'],6472,7675,1732320,24,1084455,0.6260130922693267
0df9e228-vuejs-org.png,['Nav'],0,58,83520,255,33048,0.3956896551724138
0df9e228-vuejs-org.png,['Header'],56,638,838080,255,556000,0.6634211531118748
0df9e228-vuejs-org.png,['Main'],637,2516,2705760,255,1590728,0.5879043226302406
0df9e228-vuejs-org.png,['Supplement'],2513,3059,786240,249,513416,0.653001628001628
0df9e228-vuejs-org.png,['Footer'],3056,3164,155520,249,99840,0.6419753086419753
97800386-www-djangoproject-com.png,['Nav'],0,72,103680,75,47989,0.4628568672839506
97800386-www-djangoproject-com.png,['Header'],72,470,573120,255,426080,0.7434394193188163
97800386-www-djangoproject-com.png,['Main'],472,2755,3287520,255,1155515,0.3514853141577846
97800386-www-djangoproject-com.png,['Supplement'],2756,3067,447840,183,313260,0.6994908896034298
97800386-www-djangoproject-com.png,['Footer'],3066,3217,217440,75,105733,0.4862628771155261
34f27978-asana-com.png,['Nav'],876,956,115200,234,45344,0.39361111111111113
34f27978-asana-com.png,['Header'],953,1612,948960,234,784387,0.8265754088686562
34f27978-asana-com.png,['Main'],1609,7759,8856000,255,4136067,0.46703556910569105
34f27978-asana-com.png,['Supplement'],7759,8260,721440,0,396620,0.5497615879352407
d7cdd49d-slack-com.png,['Nav'],0,38,54720,255,32532,0.5945175438596492
d7cdd49d-slack-com.png,['Header'],38,522,696960,255,473006,0.6786702249770432
d7cdd49d-slack-com.png,['Main'],519,8409,11361600,255,7851572,0.6910621743416421
d7cdd49d-slack-com.png,['Supplement'],8407,9222,1173600,255,587236,0.500371506475801
d7cdd49d-slack-com.png,['Footer'],9221,9340,171360,255,157053,0.9165091036414565
93ae574e-www-apple-com.png,['Banner'],1,81,115200,40,75624,0.6564583333333334
93ae574e-www-apple-com.png,['Nav'],81,126,64800,112,23904,0.3688888888888889
93ae574e-www-apple-com.png,['Header'],128,2624,3594240,112,2893198,0.8049540375712251
93ae574e-www-apple-com.png,['Main'],2624,5550,4213440,112,2362736,0.560761752867016
93ae574e-www-apple-com.png,['Supplement'],5548,6613,1533600,255,1041120,0.6788732394366197
93ae574e-www-apple-com.png,['Footer'],6613,7040,614880,255,614880,1.0
9ecdb198-www-atlassian-com.png,['Banner'],0,81,116640,248,96424,0.8266803840877915
9ecdb198-www-atlassian-com.png,['Nav'],80,153,105120,112,47789,0.45461377473363773
9ecdb198-www-atlassian-com.png,['Header'],153,1268,1605600,255,1008561,0.6281520926756353
9ecdb198-www-atlassian-com.png,['Main'],1264,8791,10838880,255,6918198,0.6382760949470794
9ecdb198-www-atlassian-com.png,['Supplement'],8791,9261,676800,248,381279,0.5633554964539007
9ecdb198-www-atlassian-com.png,['Footer'],9258,9351,133920,255,128735,0.9612828554360813
ed833428-www-coursera-org.png,['Nav'],0,122,175680,255,77552,0.4414389799635701
ed833428-www-coursera-org.png,['Header'],120,604,696960,255,218463,0.3134512741046832
ed833428-www-coursera-org.png,['Main'],604,4573,5715360,255,2181847,0.38175145572632346
ed833428-www-coursera-org.png,['Supplement'],4571,4722,217440,245,213316,0.9810338484179544
71657227-www-dropbox-com.png,['Nav'],0,79,113760,112,40662,0.3574367088607595
71657227-www-dropbox-com.png,['Header'],77,829,1082880,245,531747,0.49104886968085104
71657227-www-dropbox-com.png,['Main'],826,8344,10825920,255,5480886,0.5062743859182407
71657227-www-dropbox-com.png,['Supplement'],8345,8963,889920,0,723010,0.8124438151743977
71657227-www-dropbox-com.png,['Footer'],8962,9070,155520,0,155520,1.0
e80c8ec4-www-edx-org.png,['Nav'],0,75,108000,255,76043,0.7041018518518518
e80c8ec4-www-edx-org.png,['Banner'],74,103,41760,197,23272,0.55727969348659
e80c8ec4-www-edx-org.png,['Header'],105,818,1026720,255,172764,0.16826788218793828
e80c8ec4-www-edx-org.png,['Main'],817,8088,10470240,255,2922007,0.2790773659438561
e80c8ec4-www-edx-org.png,['Supplement'],8088,8848,1094400,38,762930,0.6971217105263158
e80c8ec4-www-edx-org.png,['Footer'],8848,9331,695520,38,471710,0.6782119852772027
d7fcfa28-www-ibm-com.png,['Nav'],0,85,123760,255,114359,0.9240384615384616
d7fcfa28-www-ibm-com.png,['Header'],86,630,792064,255,328812,0.41513312055591467
d7fcfa28-www-ibm-com.png,['Main'],630,3544,4242784,255,2964340,0.6986780378166788
d7fcfa28-www-ibm-com.png,['Supplement'],3544,4122,841568,22,736530,0.8751877447811703
d7fcfa28-www-ibm-com.png,['Footer'],4119,4241,177632,22,173020,0.9740362096919474
a31961ab-www-khanacademy-org.png,['Nav'],1,60,84960,255,48263,0.5680673258003767
a31961ab-www-khanacademy-org.png,['Header'],58,758,1008000,255,766062,0.7599821428571428
a31961ab-www-khanacademy-org.png,['Main'],756,7447,9635040,255,4650110,0.48262487753034755
a31961ab-www-khanacademy-org.png,['Supplement'],7447,7954,730080,33,481213,0.65912365768135
a31961ab-www-khanacademy-org.png,['Footer'],7953,8019,95040,33,87664,0.9223905723905724
5b4d37a4-www-microsoft-com.png,['Banner'],0,83,119520,242,54648,0.4572289156626506
5b4d37a4-www-microsoft-com.png,['Nav'],83,136,76320,112,40145,0.5260089098532494
5b4d37a4-www-microsoft-com.png,['Banner'],136,193,82080,42,60708,0.7396198830409356
5b4d37a4-www-microsoft-com.png,['Header'],193,976,1127520,255,405583,0.35971246629771536
5b4d37a4-www-microsoft-com.png,['Main'],973,3161,3150720,255,1833181,0.5818292326833232
5b4d37a4-www-microsoft-com.png,['Supplement'],3160,3503,493920,16,216540,0.43841107871720114
5b4d37a4-www-microsoft-com.png,['Footer'],3503,3576,105120,242,81803,0.7781868340943684
d4c6f9cd-www-nasa-gov.png,['Banner'],0,50,72000,61,54896,0.7624444444444445
d4c6f9cd-www-nasa-gov.png,['Nav'],50,131,116640,0,69414,0.5951131687242799
d4c6f9cd-www-nasa-gov.png,['Header'],131,774,925920,0,775906,0.8379838430965958
d4c6f9cd-www-nasa-gov.png,['Main'],775,5081,6200640,255,1255775,0.20252344919234144
d4c6f9cd-www-nasa-gov.png,['Supplement'],5081,5502,606240,0,430849,0.7106904856162576
d4c6f9cd-www-nasa-gov.png,['Footer'],5501,5672,246240,0,194345,0.7892503248862898
c565cdff-www-notion-so.png,['Nav'],0,74,106560,255,79380,0.7449324324324325
c565cdff-www-notion-so.png,['Header'],1296,2451,1663200,255,449136,0.27004329004329003
c565cdff-www-notion-so.png,['Main'],2448,6635,6029280,255,1841911,0.3054943542180824
c565cdff-www-notion-so.png,['Supplement'],6634,6953,459360,255,394560,0.8589341692789969
c565cdff-www-notion-so.png,['Footer'],6952,7304,506880,255,501850,0.9900765467171717
bc9a0bed-www-nvidia-com.png,['Nav'],1,91,129600,255,99687,0.7691898148148149
bc9a0bed-www-nvidia-com.png,['Header'],91,274,263520,255,184830,0.7013888888888888
bc9a0bed-www-nvidia-com.png,['Main'],272,1273,1441440,255,895508,0.6212592962592962
bc9a0bed-www-nvidia-com.png,['Footer'],1271,1431,230400,255,203717,0.8841883680555556
b37dddf5-www-sap-com.png,['Nav'],0,62,89280,246,81346,0.9111335125448029
b37dddf5-www-sap-com.png,['Header'],60,745,986400,19,537176,0.5445823195458231
b37dddf5-www-sap-com.png,['Main'],745,5261,6503040,255,4126793,0.6345944358330873
b37dddf5-www-sap-com.png,['Supplement'],5260,5690,619200,236,368381,0.5949305555555555
b37dddf5-www-sap-com.png,['Footer'],5691,5851,230400,236,198084,0.8597395833333333
8ef93dd4-www-trello-com.png,['Nav'],1,90,128160,255,70200,0.547752808988764
8ef93dd4-www-trello-com.png,['Banner'],88,150,89280,235,59808,0.6698924731182796
8ef93dd4-www-trello-com.png,['Header'],150,798,933120,245,761481,0.8160590277777777
8ef93dd4-www-trello-com.png,['Main'],796,4596,5472000,255,2427747,0.4436672149122807
8ef93dd4-www-trello-com.png,['Supplement'],4599,4729,187200,43,93888,0.5015384615384615
8ef93dd4-www-trello-com.png,['Footer'],4725,4788,90720,43,76489,0.8431327160493827
6867a379-www-udacity-com.png,['Nav'],2,135,307762,255,267832,0.8702568868151364
6867a379-www-udacity-com.png,['Banner'],135,181,106444,255,90827,0.8532843560933449
6867a379-www-udacity-com.png,['Header'],181,756,1330550,255,502566,0.37771297583705987
6867a379-www-udacity-com.png,['Main'],756,9298,19766188,255,10466506,0.5295156557248165
6867a379-www-udacity-com.png,['Supplement'],9295,10032,1705418,255,1488614,0.8728733952614549
6867a379-www-udacity-com.png,['Footer'],10032,10249,502138,255,438678,0.8736203991731357
3370b1f4-clojure-org.png,['Nav'],0,218,313920,255,178612,0.5689729867482161
3370b1f4-clojure-org.png,['Header'],218,943,1044000,255,597759,0.572566091954023
3370b1f4-clojure-org.png,['Main'],944,2915,2838240,246,1040687,0.3666663143356446
3370b1f4-clojure-org.png,['Supplement'],2915,3233,457920,45,290865,0.6351873689727463
3370b1f4-clojure-org.png,['Footer'],3231,3292,87840,45,86382,0.9834016393442623
4f0c08db-crystal-lang-org.png,['Nav'],0,14,20160,22,20160,1.0
4f0c08db-crystal-lang-org.png,['Header'],14,347,479520,22,361814,0.7545337003670337
4f0c08db-crystal-lang-org.png,['Main'],346,752,584640,22,374080,0.6398467432950191
4f0c08db-crystal-lang-org.png,['Banner'],752,774,31680,22,19360,0.6111111111111112
4f0c08db-crystal-lang-org.png,['Supplement'],774,876,146880,22,119508,0.8136437908496732
4f0c08db-crystal-lang-org.png,['Footer'],876,899,33120,22,33120,1.0
756da4af-elixir-lang-org.png,['Nav'],0,28,40320,22,36804,0.912797619047619
756da4af-elixir-lang-org.png,['Header'],28,181,220320,22,192930,0.8756808278867102
756da4af-elixir-lang-org.png,['Main'],181,882,1009440,22,672948,0.6666547788873038
756da4af-elixir-lang-org.png,['Footer'],882,900,25920,22,25920,1.0
ca99bd4f-fortran-lang-org.png,['Nav'],0,57,82080,22,68303,0.8321515594541911
ca99bd4f-fortran-lang-org.png,['Header'],56,469,594720,22,427652,0.7190812483185365
ca99bd4f-fortran-lang-org.png,['Main'],469,841,535680,22,366000,0.6832437275985663
ca99bd4f-fortran-lang-org.png,['Footer'],841,899,83520,22,66228,0.7929597701149426
22bb7f13-golang-org.png,['Nav'],0,58,83520,125,43881,0.5253951149425288
22bb7f13-golang-org.png,['Header'],55,2789,3936960,255,1599854,0.4063678574331464
22bb7f13-golang-org.png,['Main'],2787,4832,2944800,255,1184802,0.4023370008149959
22bb7f13-golang-org.png,['Supplement'],4831,5144,450720,52,332160,0.7369542066027689
22bb7f13-golang-org.png,['Footer'],5141,5210,99360,52,84404,0.8494766505636071
6f6ed817-julialang-org.png,['Nav'],0,70,100800,112,39486,0.39172619047619045
6f6ed817-julialang-org.png,['Header'],70,282,305280,16,117730,0.385645964360587
6f6ed817-julialang-org.png,['Main'],281,4076,5464800,255,2414352,0.4418006148440931
6f6ed817-julialang-org.png,['Supplement'],4079,4312,335520,47,159084,0.4741416309012876
6f6ed817-julialang-org.png,['Footer'],4312,4391,113760,16,60500,0.5318213783403657
fb8b2bf8-racket-lang-org.png,['Nav'],0,40,57600,22,50568,0.8779166666666667
fb8b2bf8-racket-lang-org.png,['Banner'],39,68,41760,22,30113,0.7210967432950192
fb8b2bf8-racket-lang-org.png,['Header'],68,323,367200,22,281320,0.7661220043572985
fb8b2bf8-racket-lang-org.png,['Main'],321,753,622080,22,396960,0.6381172839506173
fb8b2bf8-racket-lang-org.png,['Footer'],751,900,214560,22,174308,0.8123974645786727
6e88dac4-www-erlang-org.png,['Nav'],0,76,109440,255,67116,0.6132675438596491
6e88dac4-www-erlang-org.png,['Header'],79,342,378720,32,248133,0.6551885297845373
6e88dac4-www-erlang-org.png,['Main'],341,897,800640,255,393244,0.491162070343725
6e88dac4-www-erlang-org.png,['Supplement'],897,961,92160,255,87864,0.9533854166666667
c2814149-www-haskell-org.png,['Nav'],0,59,84960,255,45910,0.5403719397363466
c2814149-www-haskell-org.png,['Header'],58,629,822240,255,624810,0.7598876240513719
c2814149-www-haskell-org.png,['Main'],629,3044,3477600,255,1925524,0.55369335173683
c2814149-www-haskell-org.png,['Supplement'],3044,3139,136800,255,88403,0.6462207602339182
c2814149-www-haskell-org.png,['Footer'],3136,3250,164160,50,155748,0.9487573099415205
7857f87b-www-nim-lang-org.png,['Nav'],0,11,15840,22,15840,1.0
7857f87b-www-nim-lang-org.png,['Header'],11,276,381600,22,298054,0.7810639412997904
7857f87b-www-nim-lang-org.png,['Main'],276,870,855360,22,571508,0.6681490834268612
7857f87b-www-nim-lang-org.png,['Footer'],870,895,36000,22,36000,1.0
88533213-www-ocaml-org.png,['Nav'],1,74,105120,248,58550,0.556982496194825
88533213-www-ocaml-org.png,['Header'],73,763,993600,255,573168,0.5768599033816425
88533213-www-ocaml-org.png,['Banner'],767,1102,482400,255,404413,0.8383354063018242
88533213-www-ocaml-org.png,['Main'],1099,7264,8877600,255,5458702,0.614884878796071
88533213-www-ocaml-org.png,['Supplement'],7263,7895,910080,248,756014,0.8307115857946554
5f59ae43-www-perl-org.png,['Nav'],0,119,171360,115,93810,0.5474439775910365
5f59ae43-www-perl-org.png,['Header'],119,537,601920,244,416574,0.6920753588516746
5f59ae43-www-perl-org.png,['Main'],536,1366,1195200,255,495810,0.41483433734939756
5f59ae43-www-perl-org.png,['Banner'],1365,1425,86400,197,84766,0.981087962962963
5f59ae43-www-perl-org.png,['Supplement'],1427,1834,586080,244,375702,0.6410421785421785
5f59ae43-www-perl-org.png,['Footer'],1834,1953,171360,244,140770,0.8214869281045751
9c194dac-www-rust-lang-org.png,['Nav'],0,22,31680,22,29922,0.9445075757575757
9c194dac-www-rust-lang-org.png,['Header'],22,112,129600,22,100452,0.7750925925925926
9c194dac-www-rust-lang-org.png,['Main'],112,770,947520,22,640640,0.6761229314420804
9c194dac-www-rust-lang-org.png,['Supplement'],770,864,135360,22,109678,0.8102689125295508
9c194dac-www-rust-lang-org.png,['Footer'],863,899,51840,22,47124,0.9090277777777778
2d87af8b-www-scala-lang-org.png,['Banner'],0,14,20160,22,20160,1.0
2d87af8b-www-scala-lang-org.png,['Nav'],14,47,47520,22,37933,0.798253367003367
2d87af8b-www-scala-lang-org.png,['Header'],47,229,262080,22,214441,0.8182272588522589
2d87af8b-www-scala-lang-org.png,['Main'],228,766,774720,22,495840,0.6400247831474597
2d87af8b-www-scala-lang-org.png,['Supplement'],766,861,136800,22,111236,0.8131286549707603
2d87af8b-www-scala-lang-org.png,['Footer'],860,899,56160,22,49086,0.8740384615384615
c608afa7-www-scheme-org.png,['Nav'],2,98,138240,238,112192,0.8115740740740741
c608afa7-www-scheme-org.png,['Header'],96,494,573120,238,356480,0.621998883305416
c608afa7-www-scheme-org.png,['Main'],491,2163,2407680,238,1296851,0.5386309642477406
c608afa7-www-scheme-org.png,['Footer'],2161,2230,99360,238,83872,0.8441223832528181
eec68b89-www-tcl-tk.png,['Nav'],0,167,240480,255,143146,0.5952511643379906
eec68b89-www-tcl-tk.png,['Header'],167,669,722880,16,356713,0.49346087870739264
eec68b89-www-tcl-tk.png,['Main'],669,861,276480,255,93414,0.3378689236111111
eec68b89-www-tcl-tk.png,['Footer'],861,963,146880,16,77458,0.5273556644880174
ee446f74-airflow-apache-org.png,['Banner'],0,40,57600,112,55756,0.9679861111111111
ee446f74-airflow-apache-org.png,['Nav'],40,159,171360,255,148113,0.8643382352941177
ee446f74-airflow-apache-org.png,['Header'],158,1012,1229760,255,1121740,0.9121617226125422
ee446f74-airflow-apache-org.png,['Main'],1010,4360,4824000,255,3635817,0.753693407960199
ee446f74-airflow-apache-org.png,['Supplement'],4359,4492,191520,80,176565,0.9219141604010025
ee446f74-airflow-apache-org.png,['Footer'],4492,4648,224640,99,203947,0.9078837250712251
cd4e69a2-cassandra-apache-org.png,['Nav'],0,91,131040,238,97505,0.7440857753357754
cd4e69a2-cassandra-apache-org.png,['Header'],88,763,972000,238,295458,0.30396913580246915
cd4e69a2-cassandra-apache-org.png,['Main'],762,5709,7123680,255,2784379,0.3908624474990454
cd4e69a2-cassandra-apache-org.png,['Supplement'],5708,6319,879840,238,333578,0.3791348426986725
cd4e69a2-cassandra-apache-org.png,['Footer'],6319,6464,208800,255,134348,0.6434291187739464
39284420-couchdb-apache-org.png,['Nav'],0,178,256320,255,210019,0.8193625156054931
39284420-couchdb-apache-org.png,['Header'],178,962,1128960,238,661426,0.5858719529478458
39284420-couchdb-apache-org.png,['Main'],959,6539,8035200,255,2714963,0.33788368677817604
39284420-couchdb-apache-org.png,['Supplement'],6539,7125,843840,238,373120,0.4421691315889268
39284420-couchdb-apache-org.png,['Footer'],7122,7649,758880,238,332928,0.43870967741935485
3dc03d74-flink-apache-org.png,['Nav'],0,72,103680,0,37156,0.3583719135802469
3dc03d74-flink-apache-org.png,['Header'],72,657,842400,115,315152,0.37411206077872744
3dc03d74-flink-apache-org.png,['Main'],656,2889,3215520,255,2114087,0.6574634895755586
3dc03d74-flink-apache-org.png,['Supplement'],2888,3146,371520,249,284128,0.7647717484926787
3dc03d74-flink-apache-org.png,['Footer'],3148,3273,180000,249,147072,0.8170666666666667
3035c061-graphql-org.png,['Nav'],0,63,90720,251,62096,0.6844797178130512
3035c061-graphql-org.png,['Header'],61,861,1152000,252,940930,0.8167795138888889
3035c061-graphql-org.png,['Main'],859,11105,14754240,255,5278437,0.35775729552996294
3035c061-graphql-org.png,['Supplement'],11104,11515,591840,112,322574,0.5450358204920249
3035c061-graphql-org.png,['Footer'],11517,11573,80640,244,72092,0.8939980158730159
7f041404-grpc-io.png,['Nav'],0,63,90720,76,57488,0.6336860670194003
7f041404-grpc-io.png,['Banner'],61,200,200160,255,92160,0.460431654676259
7f041404-grpc-io.png,['Header'],200,793,853920,72,768067,0.899460136780963
7f041404-grpc-io.png,['Main'],795,3068,3273120,255,2195666,0.6708174463508824
7f041404-grpc-io.png,['Footer'],3068,3219,217440,63,206711,0.9506576526857984
d2a936ef-hadoop-apache-org.png,['Nav'],80,123,61920,112,36369,0.5873546511627907
d2a936ef-hadoop-apache-org.png,['Header'],120,558,630720,16,315821,0.5007309107052258
d2a936ef-hadoop-apache-org.png,['Main'],556,3534,4288320,255,3092100,0.721051600626819
d2a936ef-hadoop-apache-org.png,['Footer'],3532,3688,224640,239,96116,0.42786680911680913
fa282bfd-hive-apache-org.png,['Nav'],0,70,100800,0,56784,0.5633333333333334
fa282bfd-hive-apache-org.png,['Header'],67,972,1303200,108,951492,0.7301197053406998
fa282bfd-hive-apache-org.png,['Banner'],972,1053,116640,255,110488,0.9472565157750343
fa282bfd-hive-apache-org.png,['Main'],1054,8206,10298880,255,6507684,0.6318826901565996
fa282bfd-hive-apache-org.png,['Supplement'],8208,8732,754560,255,611898,0.810933524173028
fa282bfd-hive-apache-org.png,['Footer'],8731,8921,273600,112,268865,0.9826937134502924
716d3c32-ignite-apache-org.png,['Nav'],0,45,64800,112,60361,0.9314969135802469
716d3c32-ignite-apache-org.png,['Nav'],40,134,135360,112,71892,0.5311170212765958
716d3c32-ignite-apache-org.png,['Header'],134,972,1206720,255,501406,0.41551146910633785
716d3c32-ignite-apache-org.png,['Main'],970,5738,6865920,255,3010303,0.4384413159489187
716d3c32-ignite-apache-org.png,['Supplement'],5734,6313,833760,240,566773,0.6797795528689311
716d3c32-ignite-apache-org.png,['Footer'],6313,6490,254880,240,144050,0.5651679221594476
52703013-jupyterlab-readthedocs-io.png,['Banner'],44,92,69120,119,62313,0.9015190972222222
52703013-jupyterlab-readthedocs-io.png,['Nav'],91,163,103680,255,52209,0.5035590277777777
52703013-jupyterlab-readthedocs-io.png,['Header'],162,1195,1487520,255,951576,0.6397063568893191
52703013-jupyterlab-readthedocs-io.png,['Main'],1194,3743,3670560,16,1900897,0.5178765637940804
52703013-jupyterlab-readthedocs-io.png,['Footer'],3742,3841,142560,255,69632,0.48843995510662175
837b6196-kafka-apache-org.png,['Nav'],0,113,162720,255,118282,0.7269051130776795
837b6196-kafka-apache-org.png,['Header'],113,1217,1589760,255,1404825,0.8836711201690821
837b6196-kafka-apache-org.png,['Main'],1215,2757,2220480,16,1215376,0.5473483210837297
837b6196-kafka-apache-org.png,['Footer'],2754,2819,93600,255,82061,0.8767200854700855
20632446-matplotlib-org.png,['Nav'],64,139,108000,255,64935,0.60125
20632446-matplotlib-org.png,['Banner'],40,64,34560,255,19125,0.5533854166666666
20632446-matplotlib-org.png,['Header'],139,754,885600,255,438228,0.4948373983739837
20632446-matplotlib-org.png,['Main'],754,2449,2440800,255,1388260,0.5687725335955425
20632446-matplotlib-org.png,['Footer'],2450,2712,377280,255,235963,0.6254320398642917
310c6449-mlflow-org.png,['Nav'],0,56,80640,112,25536,0.31666666666666665
310c6449-mlflow-org.png,['Header'],58,551,709920,20,709920,1.0
310c6449-mlflow-org.png,['Main'],551,4157,5192640,20,3012494,0.5801469002280151
310c6449-mlflow-org.png,['Supplement'],4159,4523,524160,20,348800,0.6654456654456654
310c6449-mlflow-org.png,['Footer'],4523,4745,319680,20,308679,0.9655874624624624
4db103d4-plotly-com.png,['Banner'],0,71,102240,0,43204,0.42257433489827856
4db103d4-plotly-com.png,['Header'],71,914,1213920,0,500092,0.4119645446157902
4db103d4-plotly-com.png,['Main'],913,5252,6248160,0,3426695,0.5484326585746844
4db103d4-plotly-com.png,['Footer'],5251,5798,787680,0,476935,0.6054933475523055
26f2a978-seaborn-pydata-org.png,['Nav'],0,77,110880,255,87515,0.7892766955266955
26f2a978-seaborn-pydata-org.png,['Header'],76,417,491040,255,256991,0.5233606223525579
26f2a978-seaborn-pydata-org.png,['Main'],415,822,586080,255,339653,0.5795335107835108
26f2a978-seaborn-pydata-org.png,['Footer'],821,897,109440,255,72234,0.6600328947368421
ee37e6ae-spark-apache-org.png,['Nav'],0,80,156640,104,69403,0.4430732890704801
ee37e6ae-spark-apache-org.png,['Header'],82,509,836066,255,712209,0.8518573892491741
ee37e6ae-spark-apache-org.png,['Main'],507,3892,6627830,255,4190328,0.6322322690835462
ee37e6ae-spark-apache-org.png,['Supplement'],3890,4245,695090,112,400540,0.5762419255060496
ee37e6ae-spark-apache-org.png,['Footer'],4247,4339,180136,255,180136,1.0
3c0081d9-superset-apache-org.png,['Banner'],0,27,38880,255,34074,0.8763888888888889
3c0081d9-superset-apache-org.png,['Nav'],27,87,86400,255,50106,0.5799305555555555
3c0081d9-superset-apache-org.png,['Header'],89,1022,1343520,255,1170533,0.8712434500416816
3c0081d9-superset-apache-org.png,['Main'],1021,4112,4451040,255,2935471,0.6595022736259392
3c0081d9-superset-apache-org.png,['Supplement'],4112,4187,108000,62,103263,0.9561388888888889
3c0081d9-superset-apache-org.png,['Footer'],4185,4473,414720,48,271446,0.6545283564814814
fe946043-www-django-rest-framework-org.png,['Nav'],0,29,42340,112,34560,0.8162494095418045
fe946043-www-django-rest-framework-org.png,['Header'],29,296,389820,43,304836,0.7819916884716023
fe946043-www-django-rest-framework-org.png,['Main'],296,912,899360,43,741656,0.8246486390322006
fe946043-www-django-rest-framework-org.png,['Footer'],911,923,17520,43,17520,1.0
d5ec4bb7-www-scipy-org.png,['Nav'],1,63,89280,255,63400,0.7101254480286738
d5ec4bb7-www-scipy-org.png,['Header'],63,223,230400,255,184835,0.8022352430555556
d5ec4bb7-www-scipy-org.png,['Banner'],227,290,90720,50,74736,0.8238095238095238
d5ec4bb7-www-scipy-org.png,['Main'],290,837,787680,255,725325,0.9208371419865935
d5ec4bb7-www-scipy-org.png,['Footer'],838,1134,426240,50,387517,0.9091521208708708
1b593426-www-sympy-org.png,['Nav'],0,131,188640,238,128829,0.6829357506361323
1b593426-www-sympy-org.png,['Header'],129,330,289440,238,105702,0.36519485903814264
1b593426-www-sympy-org.png,['Main'],329,1451,1615680,16,746580,0.4620840760546643
1b593426-www-sympy-org.png,['Footer'],1451,1578,182880,16,69706,0.3811570428696413
548c9326-zookeeper-apache-org.png,['Nav'],1,84,119520,249,62980,0.5269410977242303
548c9326-zookeeper-apache-org.png,['Header'],81,174,133920,16,79920,0.5967741935483871
548c9326-zookeeper-apache-org.png,['Main'],174,718,783360,16,457582,0.5841273488562092
548c9326-zookeeper-apache-org.png,['Footer'],718,898,259200,255,177330,0.6841435185185185
5cb20bd6-bitbucket-org.png,['Nav'],0,70,100800,255,49144,0.48753968253968255
5cb20bd6-bitbucket-org.png,['Banner'],67,122,79200,235,68000,0.8585858585858586
5cb20bd6-bitbucket-org.png,['Header'],122,850,1048320,255,737497,0.7035037011599512
5cb20bd6-bitbucket-org.png,['Main'],847,7455,9515520,255,5799244,0.6094510862254506
5cb20bd6-bitbucket-org.png,['Supplement'],7454,7710,368640,245,287927,0.7810519748263889
5cb20bd6-bitbucket-org.png,['Footer'],7710,7816,152640,245,139686,0.9151336477987422
e8c82ba2-code-visualstudio-com.png,['Nav'],0,77,110880,255,56659,0.5109938672438672
e8c82ba2-code-visualstudio-com.png,['Banner'],74,113,56160,16,26620,0.474002849002849
e8c82ba2-code-visualstudio-com.png,['Header'],113,1344,1772640,255,1047892,0.5911476667569275
e8c82ba2-code-visualstudio-com.png,['Main'],1341,6038,6763680,255,4016368,0.5938140184041824
e8c82ba2-code-visualstudio-com.png,['Supplement'],6036,6131,136800,255,132789,0.9706798245614036
e8c82ba2-code-visualstudio-com.png,['Footer'],6130,6173,61920,255,56860,0.9182816537467701
650fbe73-developer-android-com.png,['Nav'],0,97,139680,255,89497,0.6407288087056129
650fbe73-developer-android-com.png,['Header'],97,687,849600,0,528129,0.6216207627118644
650fbe73-developer-android-com.png,['Main'],689,7016,9110880,249,3358470,0.3686219113850693
650fbe73-developer-android-com.png,['Supplement'],7015,7402,557280,255,219033,0.39303940568475454
650fbe73-developer-android-com.png,['Footer'],7401,7520,171360,255,150915,0.8806897759103641
4883d222-developer-apple-com.png,['Nav'],0,87,125280,255,61920,0.4942528735632184
4883d222-developer-apple-com.png,['Header'],89,668,833760,112,831296,0.9970447131068892
4883d222-developer-apple-com.png,['Main'],669,4453,5448960,112,5242800,0.9621652572233967
4883d222-developer-apple-com.png,['Supplement'],4452,4999,787680,245,539280,0.6846435100548446
4883d222-developer-apple-com.png,['Footer'],5000,5092,132480,245,122189,0.9223203502415459
fb42cc8a-developer-microsoft-com.png,['Banner'],0,84,120960,242,54648,0.4517857142857143
fb42cc8a-developer-microsoft-com.png,['Nav'],84,133,70560,255,25252,0.3578798185941043
fb42cc8a-developer-microsoft-com.png,['Banner'],133,183,72000,97,42955,0.5965972222222222
fb42cc8a-developer-microsoft-com.png,['Header'],179,577,573120,255,85512,0.14920435510887772
fb42cc8a-developer-microsoft-com.png,['Nav'],577,634,82080,254,57566,0.7013401559454191
fb42cc8a-developer-microsoft-com.png,['Main'],635,8443,11243520,250,4544879,0.40422207636042806
fb42cc8a-developer-microsoft-com.png,['Supplement'],8441,8564,177120,247,166434,0.9396680216802168
fb42cc8a-developer-microsoft-com.png,['Footer'],8563,8647,120960,242,97451,0.8056464947089947
de45cdf9-developer-nvidia-com.png,['Nav'],0,100,144000,36,52704,0.366
de45cdf9-developer-nvidia-com.png,['Header'],98,559,663840,19,566768,0.8537719932513859
de45cdf9-developer-nvidia-com.png,['Main'],559,4145,5163840,255,1846518,0.35758621490983455
de45cdf9-developer-nvidia-com.png,['Supplement'],4145,4322,254880,0,236956,0.929676710608914
de45cdf9-developer-nvidia-com.png,['Footer'],4321,4495,250560,34,229777,0.9170537994891443
e9958b5b-developers-google-com.png,['Nav'],0,48,69120,112,39412,0.5701967592592593
e9958b5b-developers-google-com.png,['Header'],48,518,676800,243,309352,0.457080378250591
e9958b5b-developers-google-com.png,['Main'],516,3554,4374720,112,1794721,0.41024819874186236
e9958b5b-developers-google-com.png,['Supplement'],3553,3890,485280,16,210358,0.43347757995384106
e9958b5b-developers-google-com.png,['Footer'],3889,4566,974880,255,657653,0.6745989249958969
a0e75f7c-grafana-com.png,['Nav'],1,46,64800,0,33397,0.5153858024691358
a0e75f7c-grafana-com.png,['Header'],44,869,1188000,11,413370,0.34795454545454546
a0e75f7c-grafana-com.png,['Main'],867,5695,6952320,244,1396187,0.20082317844978367
a0e75f7c-grafana-com.png,['Supplement'],5694,6555,1239840,0,869158,0.7010243257194476
a0e75f7c-grafana-com.png,['Footer'],6553,6689,195840,0,181911,0.928875612745098
f891bd8f-helm-sh.png,['Nav'],0,234,339768,255,197374,0.5809081490899672
f891bd8f-helm-sh.png,['Header'],233,886,948156,255,860008,0.9070321761397914
f891bd8f-helm-sh.png,['Main'],886,5594,6836016,255,4357273,0.6373994736115305
f891bd8f-helm-sh.png,['Supplement'],5594,5999,588060,14,382066,0.6497058123320749
f891bd8f-helm-sh.png,['Footer'],5998,6139,204732,16,124954,0.6103296016255397
c49daa93-kubernetes-io.png,['Nav'],0,73,105120,38,68514,0.6517694063926941
c49daa93-kubernetes-io.png,['Banner'],73,253,259200,38,183026,0.7061188271604938
c49daa93-kubernetes-io.png,['Header'],253,1382,1625760,255,1055296,0.649109339631926
c49daa93-kubernetes-io.png,['Main'],1385,3945,3686400,249,1038836,0.2818023003472222
c49daa93-kubernetes-io.png,['Footer'],3945,4191,354240,63,282501,0.797484756097561
54137d85-prometheus-io.png,['Nav'],0,56,80640,255,48486,0.601264880952381
54137d85-prometheus-io.png,['Header'],55,647,852480,255,630404,0.7394941816816817
54137d85-prometheus-io.png,['Main'],644,2445,2593440,255,1595197,0.6150892251218459
54137d85-prometheus-io.png,['Footer'],2445,2606,231840,249,139516,0.6017770876466528
15cf0dd1-www-ansible-com.png,['Nav'],0,85,122400,112,68994,0.5636764705882353
15cf0dd1-www-ansible-com.png,['Header'],84,459,540000,142,312295,0.578324074074074
15cf0dd1-www-ansible-com.png,['Main'],458,3895,4949280,255,1930027,0.3899611660685999
15cf0dd1-www-ansible-com.png,['Footer'],3896,4020,178560,56,139765,0.7827340949820788
e61bee74-www-chef-io.png,['Nav'],0,70,100800,255,43726,0.43378968253968253
e61bee74-www-chef-io.png,['Banner'],71,118,67680,40,62919,0.9296542553191489
e61bee74-www-chef-io.png,['Header'],117,523,584640,204,178303,0.30497913245758074
e61bee74-www-chef-io.png,['Main'],523,3930,4906080,255,1901878,0.3876573557707987
e61bee74-www-chef-io.png,['Supplement'],3929,4332,580320,234,422523,0.7280862282878412
e61bee74-www-chef-io.png,['Footer'],4331,4662,476640,234,344857,0.7235167002349782
53ce4ebd-www-consul-io.png,['Nav'],0,72,103680,250,52726,0.508545524691358
53ce4ebd-www-consul-io.png,['Header'],70,841,1110240,255,712392,0.6416558581928232
53ce4ebd-www-consul-io.png,['Main'],839,4436,5179680,255,3478824,0.6716291353906033
53ce4ebd-www-consul-io.png,['Footer'],4436,4638,290880,255,263128,0.9045929592959296
8ca9331e-www-gitlab-com.png,['Banner'],0,56,80640,112,74762,0.9271081349206349
8ca9331e-www-gitlab-com.png,['Nav'],53,138,122400,255,70728,0.577843137254902
8ca9331e-www-gitlab-com.png,['Header'],136,1573,2069280,255,370018,0.17881485347560505
8ca9331e-www-gitlab-com.png,['Main'],1573,6663,7329600,255,3625364,0.49461962453612746
8ca9331e-www-gitlab-com.png,['Supplement'],6662,7450,1134720,19,877468,0.7732903271291596
8ca9331e-www-gitlab-com.png,['Footer'],7448,7604,224640,19,150930,0.671875
9f982823-www-jetbrains-com.png,['Nav'],0,75,108000,19,52302,0.48427777777777775
9f982823-www-jetbrains-com.png,['Header'],74,892,1177920,0,769489,0.65326083265417
9f982823-www-jetbrains-com.png,['Main'],890,11369,15089760,0,9212134,0.6104890998929076
9f982823-www-jetbrains-com.png,['Supplement'],11369,12015,930240,25,514698,0.5532959236326109
9f982823-www-jetbrains-com.png,['Footer'],12013,12260,355680,25,322672,0.9071974808816914
46e5ebb6-www-nomadproject-io.png,['Nav'],0,72,103680,250,48242,0.4652970679012346
46e5ebb6-www-nomadproject-io.png,['Header'],71,971,1296000,255,810249,0.6251921296296297
46e5ebb6-www-nomadproject-io.png,['Main'],971,3054,2999520,255,2040768,0.6803648583773404
46e5ebb6-www-nomadproject-io.png,['Footer'],3053,3184,188640,255,160598,0.8513464800678541
cc803d9f-www-puppet-com.png,['Nav'],0,94,135360,255,120634,0.8912086288416076
cc803d9f-www-puppet-com.png,['Nav'],91,276,266400,255,222473,0.8351088588588589
cc803d9f-www-puppet-com.png,['Header'],275,788,738720,255,469824,0.6359974009096816
cc803d9f-www-puppet-com.png,['Main'],787,6963,8893440,255,5572498,0.6265852133707541
cc803d9f-www-puppet-com.png,['Supplement'],6963,7329,527040,255,418878,0.7947745901639345
cc803d9f-www-puppet-com.png,['Footer'],7328,7479,217440,255,120206,0.5528237674760853
4a4f3b93-www-saltproject-io.png,['Nav'],0,74,106560,254,71160,0.6677927927927928
4a4f3b93-www-saltproject-io.png,['Header'],74,577,724320,16,118472,0.16356306604815551
4a4f3b93-www-saltproject-io.png,['Main'],576,5542,7151040,254,4900657,0.685306892424039
4a4f3b93-www-saltproject-io.png,['Supplement'],5540,5809,387360,255,316183,0.8162510326311442
4a4f3b93-www-saltproject-io.png,['Footer'],5808,5972,236160,255,231507,0.980297256097561
b40ba131-albumentations-ai.png,['Nav'],0,55,79200,255,61744,0.7795959595959596
b40ba131-albumentations-ai.png,['Header'],55,900,1216800,255,822705,0.6761217948717949
b40ba131-albumentations-ai.png,['Main'],900,5129,6089760,24,2142020,0.35174128372875124
b40ba131-albumentations-ai.png,['Supplement'],5129,5216,125280,24,112032,0.8942528735632184
eda5f1eb-chainer-org.png,['Header'],47,558,735840,66,665827,0.904852957164601
eda5f1eb-chainer-org.png,['Banner'],557,619,89280,255,82225,0.9209789426523297
eda5f1eb-chainer-org.png,['Main'],618,3004,3435840,255,2748162,0.7998515646828723
eda5f1eb-chainer-org.png,['Footer'],3002,3175,249120,248,216808,0.8702954399486191
f5b75c5f-fastai-org.png,['Header'],0,388,558720,17,290872,0.5206042382588775
f5b75c5f-fastai-org.png,['Main'],385,869,696960,255,517122,0.7419679752066116
f5b75c5f-fastai-org.png,['Footer'],869,966,139680,255,136130,0.9745847651775487
f970b663-huggingface-co.png,['Nav'],0,68,97920,255,60140,0.6141748366013072
f970b663-huggingface-co.png,['Header'],65,786,1038240,15,362605,0.34924969178609955
f970b663-huggingface-co.png,['Main'],784,5574,6897600,255,4792937,0.6948702447228021
f970b663-huggingface-co.png,['Supplement'],5573,5977,581760,255,454848,0.7818481848184818
d5881fb4-jax-readthedocs-io.png,['Nav'],1,91,129600,255,123782,0.955108024691358
d5881fb4-jax-readthedocs-io.png,['Header'],90,343,364320,255,259170,0.7113801054018445
d5881fb4-jax-readthedocs-io.png,['Main'],342,1976,2352960,255,1442538,0.6130737454100367
d5881fb4-jax-readthedocs-io.png,['Supplement'],1976,2042,95040,255,68688,0.7227272727272728
d5881fb4-jax-readthedocs-io.png,['Footer'],2042,2119,110880,16,63848,0.5758297258297258
09588479-keras-io.png,['Nav'],30,167,197554,255,140224,0.7098008645737368
09588479-keras-io.png,['Header'],164,1019,1232910,255,863863,0.7006699596888661
09588479-keras-io.png,['Main'],1019,5935,7088872,255,3741484,0.5277968060362777
09588479-keras-io.png,['Supplement'],5934,6717,1129086,255,908918,0.8050033389839215
09588479-keras-io.png,['Footer'],6719,6787,98056,231,95164,0.9705066492616464
85bdf295-lightning-ai.png,['Banner'],0,56,80640,28,80640,1.0
85bdf295-lightning-ai.png,['Nav'],56,134,112320,28,112320,1.0
85bdf295-lightning-ai.png,['Header'],134,1879,2512800,28,1344149,0.5349208054759631
85bdf295-lightning-ai.png,['Main'],1882,5827,5680800,3,3707967,0.6527191592733418
85bdf295-lightning-ai.png,['Supplement'],5827,6322,712800,3,592734,0.8315572390572391
83422856-mlcommons-org.png,['Nav'],0,173,281298,255,262596,0.9335153467141608
83422856-mlcommons-org.png,['Header'],170,1533,2216238,255,1420638,0.6410132846742994
83422856-mlcommons-org.png,['Main'],1533,5447,6364164,255,2751385,0.4323246541101078
83422856-mlcommons-org.png,['Supplement'],5446,5746,487800,20,388803,0.7970541205412054
83422856-mlcommons-org.png,['Footer'],5743,5844,164226,20,139608,0.8500968177998611
88e84939-mxnet-apache-org.png,['Nav'],0,77,110880,140,94034,0.8480699855699856
88e84939-mxnet-apache-org.png,['Banner'],78,143,93600,0,90336,0.9651282051282051
88e84939-mxnet-apache-org.png,['Header'],141,699,803520,140,504100,0.6273645957785743
88e84939-mxnet-apache-org.png,['Main'],699,1929,1771200,245,646495,0.3650039521228546
88e84939-mxnet-apache-org.png,['Supplement'],1929,2264,482400,66,373459,0.7741687396351575
88e84939-mxnet-apache-org.png,['Footer'],2264,2445,260640,66,208999,0.8018684775936157
43941279-onnx-ai.png,['Banner'],1,55,77760,192,43600,0.5606995884773662
43941279-onnx-ai.png,['Nav'],56,169,162720,255,130166,0.7999385447394297
43941279-onnx-ai.png,['Header'],171,775,869760,18,589896,0.678228476821192
43941279-onnx-ai.png,['Main'],775,3161,3435840,255,2120688,0.6172254819782061
43941279-onnx-ai.png,['Supplement'],3161,3457,426240,51,182452,0.42804992492492494
43941279-onnx-ai.png,['Footer'],3457,3588,188640,51,94717,0.5021045377438508
81d7f1c3-pytorch-org.png,['Banner'],117,155,54720,47,26388,0.48223684210526313
81d7f1c3-pytorch-org.png,['Nav'],153,235,118080,34,41061,0.34773882113821136
81d7f1c3-pytorch-org.png,['Header'],238,570,478080,255,387530,0.8105965528781793
81d7f1c3-pytorch-org.png,['Main'],569,3961,4884480,244,1329317,0.2721511808831237
81d7f1c3-pytorch-org.png,['Supplement'],3961,4328,528480,0,329528,0.6235392067817136
81d7f1c3-pytorch-org.png,['Footer'],4327,4589,377280,0,305000,0.8084181509754029
8f8d3131-ultralytics-com.png,['Banner'],0,70,120680,31,60620,0.5023201856148491
8f8d3131-ultralytics-com.png,['Nav'],70,157,149988,255,110016,0.7334986798943915
8f8d3131-ultralytics-com.png,['Header'],155,867,1227488,255,1040114,0.8473516645376574
8f8d3131-ultralytics-com.png,['Main'],867,9902,15576340,255,10910073,0.7004259665621064
8f8d3131-ultralytics-com.png,['Supplement'],9902,10967,1836060,31,1231464,0.6707101075128263
8f8d3131-ultralytics-com.png,['Footer'],10964,11138,299976,31,237052,0.7902365522575139
efc4a6ff-www-langchain-com.png,['Nav'],0,98,141120,112,37413,0.26511479591836734
efc4a6ff-www-langchain-com.png,['Header'],97,902,1159200,60,623246,0.537651828847481
efc4a6ff-www-langchain-com.png,['Main'],899,11648,15478560,247,11207328,0.7240549508481409
efc4a6ff-www-langchain-com.png,['Supplement'],11647,12341,999360,61,793351,0.793859069804675
efc4a6ff-www-langchain-com.png,['Footer'],12338,12425,125280,61,112911,0.9012691570881226
c25c3405-www-opencv-ai.png,['Nav'],899,1024,180000,0,121285,0.6738055555555555
c25c3405-www-opencv-ai.png,['Header'],1025,2064,1496160,0,251762,0.16827210993476632
c25c3405-www-opencv-ai.png,['Main'],2064,8486,9247680,0,7466212,0.8073605488079172
c25c3405-www-opencv-ai.png,['Supplement'],8485,9030,784800,0,716201,0.9125904689092762
c25c3405-www-opencv-ai.png,['Footer'],9030,9154,178560,0,178560,1.0
13802afc-www-ray-io.png,['Banner'],0,54,77760,0,73224,0.9416666666666667
13802afc-www-ray-io.png,['Nav'],52,145,133920,248,110024,0.8215651135005974
13802afc-www-ray-io.png,['Header'],141,872,1052640,248,872041,0.8284323225414196
13802afc-www-ray-io.png,['Main'],871,6685,8372160,248,3370631,0.40259992642281084
13802afc-www-ray-io.png,['Supplement'],6685,7296,879840,0,441628,0.501941262047645
13802afc-www-ray-io.png,['Footer'],7295,7639,495360,248,409120,0.8259043927648578
f151be26-www-tensorflow-org.png,['Nav'],0,55,79200,112,29991,0.3786742424242424
f151be26-www-tensorflow-org.png,['Header'],54,1217,1674720,255,925493,0.5526255135186777
f151be26-www-tensorflow-org.png,['Main'],1216,6157,7115040,255,3501210,0.4920857788571814
f151be26-www-tensorflow-org.png,['Supplement'],6155,6383,328320,16,239784,0.7303362573099416
f151be26-www-tensorflow-org.png,['Footer'],6383,6506,177120,255,160862,0.9082091237579042
4b13d973-getfedora-org.png,['Nav'],1,56,79200,255,50021,0.6315782828282829
4b13d973-getfedora-org.png,['Header'],54,943,1280160,255,946824,0.7396137982752156
4b13d973-getfedora-org.png,['Main'],942,3921,4289760,244,1442896,0.33635821118197756
4b13d973-getfedora-org.png,['Supplement'],3920,4337,600480,231,372000,0.6195043964828137
4b13d973-getfedora-org.png,['Footer'],4337,4463,181440,231,142773,0.7868882275132275
4b13d973-getfedora-org.png,['Banner'],4465,4582,168480,0,136709,0.8114256885090219
4b4bf786-linuxmint-com.png,['Nav'],1,128,182880,251,116868,0.6390419947506562
4b4bf786-linuxmint-com.png,['Header'],128,772,927360,251,731311,0.7885945048309179
4b4bf786-linuxmint-com.png,['Main'],770,5715,7120800,251,3204282,0.4499890461745871
4b4bf786-linuxmint-com.png,['Supplement'],5715,6017,434880,58,281490,0.6472820088300221
4b4bf786-linuxmint-com.png,['Footer'],6015,6129,164160,58,162720,0.9912280701754386
42025ffa-manjaro-org.png,['Nav'],0,62,89280,252,75062,0.8407482078853047
42025ffa-manjaro-org.png,['Header'],67,582,741600,123,446244,0.6017313915857605
42025ffa-manjaro-org.png,['Main'],583,1527,1359360,252,886415,0.652082597693032
42025ffa-manjaro-org.png,['Supplement'],1524,1722,285120,252,197142,0.6914351851851852
42025ffa-manjaro-org.png,['Banner'],1722,1801,113760,252,101839,0.8952092123769338
a992f2ec-nmap-org.png,['Nav'],1,159,227520,13,134631,0.5917325949367088
a992f2ec-nmap-org.png,['Header'],156,1666,2174400,16,929494,0.4274714863870493
a992f2ec-nmap-org.png,['Main'],1667,1985,457920,16,176595,0.385645964360587
a992f2ec-nmap-org.png,['Supplement'],1983,2264,404640,13,273472,0.6758402530644524
74780dd1-pop-system76-com.png,['Nav'],1,232,332640,255,233683,0.7025102212602212
74780dd1-pop-system76-com.png,['Header'],234,641,586080,16,81920,0.13977613977613979
74780dd1-pop-system76-com.png,['Main'],641,7291,9576000,255,3606547,0.3766235380116959
74780dd1-pop-system76-com.png,['Supplement'],7291,7474,263520,79,162144,0.6153005464480874
74780dd1-pop-system76-com.png,['Footer'],7473,7578,151200,79,149992,0.992010582010582
c291a708-tails-net.png,['Banner'],0,120,172800,52,147954,0.8562152777777777
c291a708-tails-net.png,['Banner'],120,457,485280,35,315745,0.6506449884602704
c291a708-tails-net.png,['Nav'],454,556,146880,255,116031,0.7899714052287582
c291a708-tails-net.png,['Header'],553,1965,2033280,255,1459634,0.71787161630469
c291a708-tails-net.png,['Main'],1964,3607,2365920,255,1611535,0.681145178197065
c291a708-tails-net.png,['Supplement'],3607,4044,629280,89,510547,0.8113192855326723
c291a708-tails-net.png,['Footer'],4043,4193,216000,89,210195,0.973125
c58c9740-www-archlinux-org.png,['Nav'],0,67,96480,51,57720,0.5982587064676617
c58c9740-www-archlinux-org.png,['Header'],60,475,597600,16,244992,0.40995983935742975
c58c9740-www-archlinux-org.png,['Footer'],1951,1985,48960,16,32447,0.6627246732026144
c58c9740-www-archlinux-org.png,['Main'],474,1561,1565280,16,854014,0.5455982316262905
c58c9740-www-archlinux-org.png,['Supplement'],1561,1951,561600,16,295202,0.5256445868945869
bf5ef0a6-www-blackarch-org.png,['Nav'],0,123,177120,26,95876,0.5413053297199638
bf5ef0a6-www-blackarch-org.png,['Header'],123,628,727200,26,458064,0.6299009900990099
bf5ef0a6-www-blackarch-org.png,['Main'],627,1818,1715040,26,566071,0.3300628556768355
bf5ef0a6-www-blackarch-org.png,['Supplement'],1818,2312,711360,16,399410,0.561473796671165
bf5ef0a6-www-blackarch-org.png,['Footer'],2309,2381,103680,26,98328,0.9483796296296296
4ca1b1ff-www-debian-org.png,['Nav'],1,74,105120,255,57032,0.5425418569254186
4ca1b1ff-www-debian-org.png,['Header'],74,189,165600,16,164110,0.9910024154589372
4ca1b1ff-www-debian-org.png,['Main'],192,1803,2319840,255,1493128,0.6436340437271536
4ca1b1ff-www-debian-org.png,['Supplement'],1801,1894,133920,246,100143,0.7477822580645161
4ca1b1ff-www-debian-org.png,['Footer'],1893,2007,164160,16,87948,0.5357456140350877
8aab4622-www-freebsd-org.png,['Nav'],0,104,149760,255,84569,0.5646968482905983
8aab4622-www-freebsd-org.png,['Header'],103,435,478080,255,318230,0.6656417336010709
8aab4622-www-freebsd-org.png,['Main'],433,938,727200,238,389695,0.5358842134213422
8aab4622-www-freebsd-org.png,['Footer'],937,1007,100800,255,95173,0.9441765873015873
f9fc9967-www-ossec-net.png,['Header'],0,750,1080000,16,158627,0.14687685185185184
f9fc9967-www-ossec-net.png,['Main'],750,7680,9979200,255,4361210,0.4370300224466891
f9fc9967-www-ossec-net.png,['Footer'],7681,7826,208800,40,169083,0.8097844827586207
f0565475-www-parrotsec-org.png,['Nav'],0,129,185760,4,151908,0.817764857881137
f0565475-www-parrotsec-org.png,['Header'],129,746,888480,4,744058,0.8374504772195209
f0565475-www-parrotsec-org.png,['Main'],744,9218,12202560,4,5795818,0.47496738389321586
f0565475-www-parrotsec-org.png,['Supplement'],9217,9783,815040,23,448038,0.5497128975265018
f0565475-www-parrotsec-org.png,['Footer'],9783,10042,372960,4,183169,0.4911223723723724
f0565475-www-parrotsec-org.png,['Banner'],10044,10121,110880,204,43968,0.3965367965367965
d2b47d99-www-snort-org.png,['Nav'],0,94,135360,242,67440,0.49822695035460995
d2b47d99-www-snort-org.png,['Header'],99,595,714240,255,341140,0.4776265681003584
d2b47d99-www-snort-org.png,['Main'],597,5302,6775200,242,3191597,0.4710705219034124
d2b47d99-www-snort-org.png,['Supplement'],5302,5412,158400,34,149095,0.9412563131313131
d2b47d99-www-snort-org.png,['Footer'],5409,5523,164160,34,135101,0.8229836744639376
2a497187-www-torproject-org.png,['Nav'],0,105,151200,49,111077,0.7346362433862433
2a497187-www-torproject-org.png,['Banner'],107,429,463680,35,368344,0.794392684610076
2a497187-www-torproject-org.png,['Header'],428,973,784800,49,588503,0.7498764016309888
2a497187-www-torproject-org.png,['Main'],973,3530,3682080,255,2451697,0.6658456633207318
2a497187-www-torproject-org.png,['Supplement'],3529,4489,1382400,49,1028518,0.7440089699074074
2a497187-www-torproject-org.png,['Footer'],4488,4610,175680,112,162095,0.9226719034608379
289ab040-www-wireshark-org.png,['Banner'],0,46,66240,47,40476,0.6110507246376812
289ab040-www-wireshark-org.png,['Nav'],46,113,96480,244,40658,0.42141376451077944
289ab040-www-wireshark-org.png,['Header'],113,761,933120,244,229632,0.24609053497942388
289ab040-www-wireshark-org.png,['Main'],760,5120,6278400,245,3710640,0.5910168195718655
289ab040-www-wireshark-org.png,['Supplement'],5120,5353,335520,245,136756,0.4075941821649976
289ab040-www-wireshark-org.png,['Footer'],5351,5402,73440,245,56707,0.7721541394335512
7775e6dd-www-zeek-org.png,['Nav'],1,165,241080,255,120120,0.49825783972125437
7775e6dd-www-zeek-org.png,['Header'],165,834,983430,16,59029,0.06002359090123344
7775e6dd-www-zeek-org.png,['Main'],833,2926,3076710,255,1728973,0.5619551403934723
7775e6dd-www-zeek-org.png,['Supplement'],2928,3389,677670,51,502268,0.7411690055631798
7775e6dd-www-zeek-org.png,['Footer'],3390,3504,167580,51,133920,0.799140708915145
ecd31e42-www-libvirt-org.png,['Nav'],0,102,146880,95,101216,0.6891067538126362
ecd31e42-www-libvirt-org.png,['Header'],102,426,466560,16,401400,0.8603395061728395
ecd31e42-www-libvirt-org.png,['Main'],423,1311,1278720,255,711192,0.5561749249249249
ecd31e42-www-libvirt-org.png,['Footer'],1315,1433,169920,95,150663,0.886670197740113
d41972f5-www-qemu-org.png,['Nav'],0,43,61920,255,33497,0.5409722222222222
d41972f5-www-qemu-org.png,['Header'],46,282,339840,255,197614,0.5814912900188324
d41972f5-www-qemu-org.png,['Main'],284,1229,1360800,16,351474,0.25828483245149914
d41972f5-www-qemu-org.png,['Supplement'],1227,1266,56160,18,36314,0.6466168091168091
d41972f5-www-qemu-org.png,['Footer'],1266,1319,76320,255,62325,0.816627358490566
fc462100-www-raspberrypi-org.png,['Nav'],0,64,92160,64,60496,0.6564236111111111
fc462100-www-raspberrypi-org.png,['Header'],65,633,817920,8,431949,0.5281066607981221
fc462100-www-raspberrypi-org.png,['Main'],634,5783,7414560,255,2655336,0.3581245549297598
fc462100-www-raspberrypi-org.png,['Supplement'],5784,6163,545760,53,290208,0.531750219876869
fc462100-www-raspberrypi-org.png,['Banner'],6161,6373,305280,43,219080,0.7176362683438156
bff1d6e8-www-virtualbox-org.png,['Nav'],1,110,156960,238,76320,0.48623853211009177
bff1d6e8-www-virtualbox-org.png,['Header'],111,541,619200,238,503700,0.813468992248062
bff1d6e8-www-virtualbox-org.png,['Main'],540,1395,1231200,238,578204,0.46962638076673163
bff1d6e8-www-virtualbox-org.png,['Footer'],1396,1485,128160,79,78998,0.6164013732833957
